NO,Sp No,Community,Climate Code,Order,Family,Species,Common name,Body size (g),BS rank,Diet,Diet rank,Locomotor mode,Locomotor rank,Other (reference),,What changed in the dataset,
1,1,FairBank AK,431,Soricomorpha,Soricidae,Sorex_cinereus,Masked shrew,10,1,I,2,T,4,,,No change at all,
1,2,FairBank AK,431,Rodentia,Sciuridae,Glaucomys_sabrinus,northern flying squirrel,185,3,O,3,g,1,50-185 (Nowak 1999; whole genus),,,
1,3,FairBank AK,431,Rodentia,Cricetidae,Myodes_rutilus,northern red-backed vole,65,2,H,6,T,4,,,,
1,4,FairBank AK,431,Lagomorpha,Leporidae,Lepus_americanus,snowshoe hare,2500,5,H,6,T,4,1350-7000 (Nowak 1999; whole genus),,,
1,5,FairBank AK,431,Carnivora,Mustelidae,Mustela_erminea,ermine,170,3,C,1,T,4,42-365 (Nowak 1999),T;Sc;Sa (Nowak 1999),,
1,6,FairBank AK,431,Carnivora,Mustelidae,Neovison_vison,American mink,1350,4,C,1,Sq,5,681-2310 (Nowak 1999),,,
1,7,FairBank AK,431,Carnivora,Mustelidae,Martes_americana,American marten,1000,4,O,3,Sc,3,280-1300 (Nowak 1999),,,
1,8,FairBank AK,431,Carnivora,Canidae ,Vulpes_vulpes,fox,6500,5,C,1,T,4,,,,
2,9,Seward Peninsula AK,433,Soricomorpha,Soricidae,Sorex_cinereus,Masked shrew,10,1,I,2,T,4,,,The locomotor modes follow Nowak 1999 for some species,
2,10,Seward Peninsula AK,433,Soricomorpha,Soricidae,Sorex_arcticus,Arctic shrew,10,1,I,2,T,4,,,,
2,11,Seward Peninsula AK,433,Rodentia,Sciuridae,Spermophilus_undulatus,long-tailed ground squirrel,750,4,I,2,T,4,,,,
2,12,Seward Peninsula AK,433,Rodentia,Muridae,Lemmus_trimucronatus,North American brown lemming,115,2,H,6,T,4,40-112 (Nowak 1999; whole genus),,,
2,13,Seward Peninsula AK,433,Rodentia,Cricetidae,Dicrostonyx_groenlandicus,Bering collared lemming,65,2,H,6,T,4,30-120 (Nowak 1999; whole genus),Sf (Nowak 1999),,
2,14,Seward Peninsula AK,433,Rodentia,Cricetidae,Myodes_rutilus,northern red-backed vole,35,2,H,6,T,4,15-40 (Nowak 1999; whole genus),,,
2,15,Seward Peninsula AK,433,Rodentia,Cricetidae,Microtus_oeconomus,tundra vole,80,2,H,6,T,4,,Sf (Nowak 1999),,
2,16,Seward Peninsula AK,433,Rodentia,Cricetidae,Microtus_miurus,singing vole,57,2,H,6,T,4,,Sf (Nowak 1999),,
2,17,Seward Peninsula AK,433,Rodentia,Cricetidae,Ondatra_zibethicus,muskrat,1800,4,H,6,Sq,5,681-1816 (Nowak 1999),,,
2,18,Seward Peninsula AK,433,Lagomorpha,Leporidae,Lepus_othus,Alaskan hare,4500,5,H,6,T,4,1350-7000 (Nowak 1999; whole genus),,,
2,19,Seward Peninsula AK,433,Carnivora,Mustelidae,Mustela_erminea,erminea,170,3,C,1,T,4,42-365 (Nowak 1999),T;Sc;Sa (Nowak 1999),,
2,20,Seward Peninsula AK,433,Carnivora,Mustelidae,Neovison_vison,American mink,1350,4,C,1,Sq,5,681-2310(Nowak 1999),,,
2,21,Seward Peninsula AK,433,Carnivora,Mustelidae,Vulpes_vulpes,fox,6500,5,C,1,T,4,,,,
3,22,Olympic Peninsula WA,332,Soricomorpha,Soricidae,Sorex_trowbridgii,Trowbridge's shrew,10.5,1,O,3,T,4,Nowak 1999: 206,,,
3,23,Olympic Peninsula WA,332,Soricomorpha,Soricidae,Sorex_monticolus,montane shrew,10.5,1,O,3,T,4,Nowak 1999: 206,,,
3,24,Olympic Peninsula WA,332,Soricomorpha,Soricidae,Sorex_vagrans,Vagrant shrew,10.5,1,O,3,T,4,Nowak 1999: 206,,,
3,25,Olympic Peninsula WA,332,Soricomorpha,Soricidae,Sorex_palustris,American water shrew,10.5,1,O,3,Sq,5,Nowak 1999: 206,,,
3,26,Olympic Peninsula WA,332,Soricomorpha,Soricidae,Sorex_bendirii,Pacific water shrew,10.5,1,O,3,Sq,5,Nowak 1999: 206,,,
3,28,Olympic Peninsula WA,332,Rodentia,Cricetidae,Peromyscus_keeni,northwestern deermouse,62.5,2,O,3,T,4,Nowak 1999: 1362,,,
3,29,Olympic Peninsula WA,332,Rodentia,Cricetidae,Myodes_gapperi,southern red-backed vole,35,2,H,6,T,4,,,,
3,30,Olympic Peninsula WA,332,Rodentia,Cricetidae,Microtus_oregoni,Creeping Vole,18.5,1,H,6,T,4,Nowak 1999: 1473,,,
3,31,Olympic Peninsula WA,332,Rodentia,Cricetidae,Peromyscus_maniculatus,deer mouse,30,1,O,3,Sc,3,,,,
3,32,Olympic Peninsula WA,332,Rodentia,Dipodidae,Zapus_trinotatus,Pacific jumping mouse,15.5,1,G,5,S,8,Nowak 1999: 1331,,,
3,33,Olympic Peninsula WA,332,Rodentia,Sciuridae,Tamias_townsendii,Townsend's chipmunk,106,2,O,3,Sc,3,Nowak 1999: 1248,,,
3,34,Olympic Peninsula WA,332,Soricomorpha,Talpidae,Neurotrichus_gibbsii,American shrew mole,9,1,C,1,F,7,Nowak 1999: 239,,,
3,35,Olympic Peninsula WA,332,Soricomorpha,Talpidae,Scapanus_orarius,coast mole,110,2,C,1,F,7,Nowak 1999: 242,,,
4,36,Charlesvoix Co MI,432,Soricomorpha,Soricidae,Sorex_cinereus,cinereus shrew,10,1,I,2,T,4,,,Locomotor modes follow Nowak 1999,
4,37,Charlesvoix Co MI,432,Soricomorpha,Soricidae,Blarina_brevicauda,northern short-tailed shrew,25,1,I,2,T,4,15-30 (Nowak 1999; whole genus),F (Nowak 1999),Body size of Mephitis follow Nowak 1999,
4,38,Charlesvoix Co MI,432,Rodentia,Sciuridae,Sciurus_niger,eastern fox squirrel,1350,4,O,3,Sc,3,200-1000 (Nowak 1999; whoe genus),A (Nowak 1999),,
4,39,Charlesvoix Co MI,432,Rodentia,Sciuridae,Sciurus_carolinensis,eastern gray squirrel,600,4,O,3,Sc,3,200-1000 (Nowak 1999; whoe genus),A (Nowak 1999),,
4,40,Charlesvoix Co MI,432,Rodentia,Sciuridae,Tamias_striatus,eastern chipmunk,130,3,O,3,Sc,3,70-142 (Nowak 1999),,,
4,41,Charlesvoix Co MI,432,Rodentia,Sciuridae,Tamiasciurus_hudsonicus,American red squirrel,240,3,G,4,Sc,3,,,,
4,42,Charlesvoix Co MI,432,Rodentia,Sciuridae,Glaucomys_volans,southern flying squirrel,65,2,O,3,g,1,50-185 (Nowak 1999; whole genus),,,
4,43,Charlesvoix Co MI,432,Rodentia,Sciuridae,Glaucomys_sabrinus,northern flying squirrel,185,3,O,3,g,1,50-185 (Nowak 1999; whole genus),,,
4,44,Charlesvoix Co MI,432,Rodentia,Cricetidae,Peromyscus_maniculatus,deer mouse,30,1,O,3,Sc,3,15-110 (Nowak 1999; whoe genus),,,
4,45,Charlesvoix Co MI,432,Rodentia,Cricetidae,Peromyscus_leucopus,white-footed mouse,20,1,O,3,Sc,3,15-110 (Nowak 1999; whoe genus),,,
4,46,Charlesvoix Co MI,432,Rodentia,Cricetidae,Myodes_gapperi,southern red-backed vole,35,2,H,6,T,4,15-40 (Nowak 1999; whole genus),,,
4,47,Charlesvoix Co MI,432,Rodentia,Dipodidae,Napaeozapus_insignis,woodland jumping mouse,30,1,O,3,T,4,17-26 (Nowak 1999),S (Nowak 1999),,
4,48,Charlesvoix Co MI,432,Lagomorpha,Leporidae,Lepus_americanus,snowshoe hare,2500,5,H,6,T,4,1350-7000 (Nowak 1999; whole genus),,,
4,49,Charlesvoix Co MI,432,Lagomorpha,Leporidae,Sylvilagus_floridanus,eastern cottontail,1800,4,H,6,T,4,246-2700 (Nowak 1999),,,
4,50,Charlesvoix Co MI,432,Carnivora,Mephitidae,Mephitis_mephitis,striped skunk,6500,5,O,3,T,4,700-2500 (Nowak 1999),,,
4,51,Charlesvoix Co MI,432,Carnivora,Mustelidae,Neovison_vison,American mink,1350,4,C,1,Sq,5,681-2310 (Nowak 1999),,,
4,52,Charlesvoix Co MI,432,Carnivora,Mustelidae,Martes_americana,American marten,1000,4,O,3,Sc,3,280-1300 (Nowak 1999),,,
4,53,Charlesvoix Co MI,432,Carnivora,Mustelidae,Martes_pennanti,fisher,1200,4,C,1,Sc,3,1.3-5.5kg (Nowak 1999),,,
4,54,Charlesvoix Co MI,432,Carnivora,Canidae,Vulpes_vulpes,fox,6500,5,C,1,T,4,,,,
4,55,Charlesvoix Co MI,432,Carnivora,Canidae,Urocyon_cinereoargenteus,gray fox ,6000,5,C,1,T,4,,,,
5,56,Warren Woods MI,432,Didelphimorphia,Didelphidae,Didelphis_virginiana,virginia opossum,6000,5,O,3,Sc,3,0.5-5.5 kg (Nowak 1999; whole genus),,What changed in the dataset,
5,57,Warren Woods MI,432,Soricomorpha,Soricidae,Sorex_cinereus,cinereus shrew,10,1,I,2,T,4,,,The locomotor mode is followed Nowak 1999,
5,58,Warren Woods MI,432,Soricomorpha,Soricidae,Blarina_brevicauda,northern short-tailed shrew,25,1,I,2,T,4,15-30 (Nowak 1999; whole genus),F (Nowak 1999),,
5,59,Warren Woods MI,432,Soricomorpha,Talpidae,Scalopus_aquaticus,eastern mole,140,2,I,2,F,7,,,,
5,60,Warren Woods MI,432,Rodentia,Sciuridae,Sciurus_niger,eastern fox squirrel,1350,4,O,3,Sc,3,200-1000 (Nowak 1999; whoe genus),A (Nowak 1999),,
5,61,Warren Woods MI,432,Rodentia,Sciuridae,Sciurus_carolinensis,eastern gray squirrel,600,4,O,3,Sc,3,200-1000 (Nowak 1999; whoe genus),A (Nowak 1999),,
5,62,Warren Woods MI,432,Rodentia,Sciuridae,Tamias_striatus,eastern chipmunk,130,3,O,3,Sc,3,70-142 (Nowak 1999),,,
5,63,Warren Woods MI,432,Rodentia,Sciuridae,Tamiasciurus_hudsonicus,American red squirrel,240,3,G,4,Sc,3,,,,
5,64,Warren Woods MI,432,Rodentia,Sciuridae,Glaucomys_volans,southern flying squirrel,65,2,O,3,g,1,50-185 (Nowak 1999; whole genus),,,
5,65,Warren Woods MI,432,Rodentia,Sciuridae,Marmota_monax,woodchuck,4500,5,H,6,T,4,3-7.5kg (Nowak 1999),,,
5,66,Warren Woods MI,432,Rodentia,Cricetidae,Peromyscus_leucopus,white-footed mouse,20,1,O,3,Sc,3,15-110 (Nowak 1999; whoe genus),,,
5,67,Warren Woods MI,432,Rodentia,Cricetidae,Microtus_pinetorum,woodland vole,35,2,H,6,T,4,,Sf (Nowak 1999),,
5,68,Warren Woods MI,432,Lagomorpha,Leporidae,Lepus_americanus,snowshoe hare,2500,5,H,6,T,4,1350-7000 (Nowak 1999; whole genus),,,
5,69,Warren Woods MI,432,Lagomorpha,Leporidae,Sylvilagus_floridanus,eastern cottontail,1800,4,H,6,T,4,246-2700 (Nowak 1999; whole genus),,,
5,70,Warren Woods MI,432,Carnivora,Mustelidae,Neovison_vison,American mink,1350,4,C,1,Sq,5,681-2310 (Nowak 1999),,,
5,71,Warren Woods MI,432,Carnivora,Mustelidae,Mustela_frenata,long-tailed weasel,340,3,C,1,T,4,85-340 (Nowak 1999),,,
5,72,Warren Woods MI,432,Carnivora,Canidae,Vulpes_vulpes,fox,6500,5,C,1,T,4,,,,
5,73,Warren Woods MI,432,Carnivora,Canidae,Urocyon_cinereoargenteus,gray fox ,6000,5,C,1,T,4,,,,
6,74,Wirlwind Valley,222,Rodentia,Heteromyidae,Perognathus_parvus,Great Basin pocket mouse,17.5,1,G,4,F,7,Nowak 1999: 1322,,,
6,75,Wirlwind Valley,222,Rodentia,Heteromyidae,Dipodomys_microps,Chisel-toothed kangaroo rat,107.5,2,O,3,S,8,Nowak 1999: 1326,,,
6,76,Wirlwind Valley,222,Rodentia,Heteromyidae,Dipodomys_ordii,Ord's kangaroo rat,107.5,2,O,3,S,8,Nowak 1999: 1326,,,
6,77,Wirlwind Valley,222,Rodentia,Cricetidae,Peromyscus_maniculatus,Deer mouse,1.75,1,O,3,?T,4,Nowak 1999: 1362,,,
6,78,Wirlwind Valley,222,Rodentia,Cricetidae,Onychomys_leucogaster,northern grasshopper mouse,45,2,C,1,T,4,Nowak 1999: 1357,,,
6,79,Wirlwind Valley,222,Rodentia,Cricetidae,Reithrodontomys_megalotis,western harvest mouse,13,1,G,4,Sc,3,Nowak 1999:1364,,,
6,80,Wirlwind Valley,222,Rodentia,Cricetidae,Microtus_montanus,montane vole,27,1,H,6,Sf ,6,Nowak 1999: 1473; (Sera and Early 2003),,,
6,81,Wirlwind Valley,222,Rodentia,Sciuridae,Ammospermophilus_leucurus,White-tailed antelope squirrel,120.5,2,O,3,T,4,Nowak 1999: 1253,,,
6,82,Wirlwind Valley,222,Rodentia,Sciuridae,Tamias_minimus,Least chipmunk,106,2,O,3,T,4,Nowak 1999: 1248,,,
6,83,Wirlwind Valley,222,Rodentia,Sciuridae,Sorex_vagrans,Vagrant shrew,10.05,1,I,2,T,4,Nowak 1999: 206,,,
7,84,"Herdade da Mitra, E_vora,  PT",311,Rodentia,Muridae,Apodemus_sylvaticus,Wood mouse,32.5,2,O,3,Sc,3,Nowak 1999: 1500,,,
7,85,"Herdade da Mitra, E_vora,  PT",311,Rodentia,Muridae,Mus_spretus,western Mediterranean mouse,32.5,2,O,3,T,4,PALOMO et al 2009,,,
7,86,"Herdade da Mitra, E_vora,  PT",311,Soricomorpha,Soricidae,Crocidura_russula,Greater white-toothed shrew,9,1,I,2,T ,4,Nowak 1999: 221; (Kingdon et a 201: 129),,,
8,87,Fort AP Hill VA,331,Soricomorpha,Soricidae,Sorex_longirostris,Long-tailed shrew,10.05,1,C,1,T,4,Nowak 1999,Grodon and Layne 1989. Advances in the Study of Peromyscus (Rodentia),,
8,88,Fort AP Hill VA,331,Soricomorpha,Soricidae,Sorex_hoyi,,10.05,1,C,1,T,4,,,,
8,89,Fort AP Hill VA,331,Soricomorpha,Soricidae,Blarina_brevicauda,Asiatic short-tailed shrew,25,1,I,2,T,4,,,,
8,90,Fort AP Hill VA,331,Soricomorpha,Soricidae,Cryptotis_parva,small-eared shrew,5.5,1,C,1,T,4,Nowak 1999: 209,,,
8,91,Fort AP Hill VA,331,Rodentia,Cricetidae,Reithrodontomys_humulis,American harvest mouse,13,1,G,4,Sc,3,Nowak 1999: 1365,,,
8,92,Fort AP Hill VA,331,Rodentia,Cricetidae,Peromyscus_leucopus,White-footed mouse,,1,O,3,Sc,3,Lackey et al 1985,,,
8,93,Fort AP Hill VA,331,Rodentia,Cricetidae,Microtus_pennsylvanicus,vole,49,2,H,6,T,4,Nowak 1999: 1473,,,
8,94,Fort AP Hill VA,331,Rodentia,Cricetidae,Microtus_pinetorum,woodland vole,35,2,H,6,T,4,,,,
8,95,Fort AP Hill VA,331,Rodentia,Dipodidae,Zapus_hudsonius,meadow jumping mouse,16.5,1,O,3,S,8,Nowak 1999: 1331,,,
9,96,GPS Mt Qilian,333,Lagomorpha,Ochotonidae ,Ochotona_daurrica,Daurian pika ,109,2,H,6,T,4,Nowak 1999: 1718,,,
9,97,GPS Mt Qilian,333,Lagomorpha,Ochotonidae ,Ochotona_thibetana,,83.1,2,H,6,T,4,Nowak 1999: 1718,The geographic area is large so I assume is over the home ranges of those small mammals. The individual number is the number of capture since three sites are distant from each other,,
9,98,GPS Mt Qilian,333,Lagomorpha,Ochotonidae ,Ochotona_erythrotis,,181,3,H,6,T,4,Nowak 1999: 1718,,,
9,99,GPS Mt Qilian,333,Rodentia,Sciuridae,Spermophilus_dauricus,Ground Squirrel,161.3,3,O,3,T,4,Nowak 1999: 1256,,,
9,100,GPS Mt Qilian,333,Rodentia,Sciuridae,Tamias_sibiricus,Chpmunks,90.3,2,O,3,Sc,3,Nowak 1999: 1249,,,
9,101,GPS Mt Qilian,333,Rodentia,Muridae,Cricetulus_barabensis,,24.8,1,G,4,Sf,6,Nowak 1999: 1422,,,
9,102,GPS Mt Qilian,333,Rodentia,Muridae,Cricetulus_longicaudatus,,22.1,1,G,4,Sf,6,Nowak 1999: 1422,,,
9,103,GPS Mt Qilian,333,Rodentia,Muridae,Alticola_roylei,High Mountain Vole,22.6,1,H,6,T,4,Nowak 1999: 1463,,,
9,104,GPS Mt Qilian,333,Rodentia,Muridae,Apodemus_agrarius,,25.1,1,O,3,Sc,3,Nowak 1999: 1500,,,
9,105,GPS Mt Qilian,333,Rodentia,Muridae,Apodemus_speciosus,,33.8,2,O,3,Sc,3,Nowak 1999: 1500,,,
9,106,GPS Mt Qilian,333,Rodentia,Muridae,Mus_musculus,,14.6,1,I,2,T,4,Nowak 1999: 1607,,,
9,107,GPS Mt Qilian,333,Rodentia,Cricetidae,Microtus_oeconomus,,23.6,1,H,6,T,4,,,,
10,108,XPS Mt Qilian,333,Lagomorpha,Ochotonidae ,Ochotona_daurrica,Daurian pika ,109,2,H,6,T,4,Nowak 1999: 1718,,,
10,109,XPS Mt Qilian,333,Lagomorpha,Ochotonidae ,Ochotona_thibetana,,83.1,2,H,6,T,4,Nowak 1999: 1718,The geographic area is large so I assume is over the home ranges of those small mammals. The individual number is the number of capture since three sites are distant from each other,,
10,110,XPS Mt Qilian,333,Rodentia,Muridae,Cricetulus_migratorius,Ratlike Hamster,38.5,2,G,4,Sf,6,Nowak 1999: 1422,,,
10,111,XPS Mt Qilian,333,Rodentia,Muridae,Cricetulus_barabensis,,24.8,1,G,4,Sf,6,Nowak 1999: 1422,,,
10,112,XPS Mt Qilian,333,Rodentia,Muridae,Cricetulus_longicaudatus,,22.1,1,G,4,Sf,6,Nowak 1999: 1422,,,
10,113,XPS Mt Qilian,333,Rodentia,Cricetidae,Microtus_oeconomus,,23.6,1,H,6,T,4,,,,
10,114,XPS Mt Qilian,333,Rodentia,Muridae,Meriones_meridianus,Jird,62.1,2,H,6,Sf,6,Nowak 1999: 1456,,,
10,115,XPS Mt Qilian,333,Rodentia,Dipodidae,Dipus_sagitta,Northern three-toed jerbora,82.3,2,H,6,S,8,Nowak 1999: 1338,,,
10,116,XPS Mt Qilian,333,Rodentia,Dipodidae,Allactaga_sibirica,Five-toed jerboa,97.5,2,I,2,S,8,Nowak 1999: 1342,,,
10,117,XPS Mt Qilian,333,Rodentia,Dipodidae,Cardiocranius_paradoxus,Five-toed dwarf jerboa,8.6,1,G,4,S,8,Nowak 1999: 1333,,,
11,118,JPS Mt Qilian,333,Lagomorpha,Ochotonidae ,Ochotona_daurrica,Daurian pika ,109,2,H,6,T,4,Nowak 1999: 1718,,,
11,119,JPS Mt Qilian,333,Lagomorpha,Ochotonidae ,Ochotona_thibetana,,83.1,2,H,6,T,4,Nowak 1999: 1718,The geographic area is large so I assume is over the home ranges of those small mammals. The individual number is the number of capture since three sites are distant from each other,,
11,120,JPS Mt Qilian,333,Rodentia,Muridae,Cricetulus_migratorius,Ratlike Hamster,38.5,2,G,4,Sf,6,Nowak 1999: 1422,,,
11,121,JPS Mt Qilian,333,Rodentia,Muridae,Cricetulus_barabensis,,24.8,1,G,4,Sf,6,Nowak 1999: 1422,,,
11,122,JPS Mt Qilian,333,Rodentia,Muridae,Alticola_roylei,High Mountain Vole,22.6,1,H,6,T,4,Nowak 1999: 1463,,,
11,123,JPS Mt Qilian,333,Rodentia,Muridae,Mus_musculus,,14.6,1,I,2,T,4,Nowak 1999: 1607,,,
11,124,JPS Mt Qilian,333,Rodentia,Muridae,Meriones_meridianus,Jird,62.1,2,H,6,Sf,6,Nowak 1999: 1456,,,
11,125,JPS Mt Qilian,333,Rodentia,Dipodidae,Dipus_sagitta,Northern three-toed jerbora,82.3,2,H,6,S,8,Nowak 1999: 1338,,,
11,126,JPS Mt Qilian,333,Rodentia,Dipodidae,Allactaga_sibirica,Five-toed jerboa,97.5,2,I,2,S,8,Nowak 1999: 1342,,,
12,127,Ningxia CHN,312,Rodentia,Cricetidae ,Eothenomys_melanogaster,Pratt's vole,27.5,1,H,6,F,7,Nowak 1999: 1462,"(Yom-Tov and Yom-Tov, 2004)",Smith et al 2010: A guide to the mammals of China,
12,128,Ningxia CHN,312,Rodentia,Cricetidae ,Cricetulus_longicaudatus,Long-tailed dwarf hamster ,31.5,1,H,6,F,7,Nowak 1999: 1422,,,
12,129,Ningxia CHN,312,Rodentia,Cricetidae ,Tscherskia_triton,Greater long-tailed hamster ,166.5,3,G ,4,F,7,Nowak 1999: 1422,(Smith et al 2010: 247),,
12,130,Ningxia CHN,312,Rodentia,Muridae ,Apodemus_agrarius,Striped field mouse ,32.5,2,O,3,Sc,3,Nowak 1999: 1500,,,
12,131,Ningxia CHN,312,Rodentia,Muridae ,Apodemus_peninsulae,Korean field mouse ,32.5,2,O,3,Sc,3,Nowak 1999: 1500,,,
12,132,Ningxia CHN,312,Rodentia,Muridae ,Apodemus_draco,,32.5,2,O,3,Sc,3,Nowak 1999: 1500,,,
12,133,Ningxia CHN,312,Rodentia,Muridae ,Mus_musculus,House mouse ,21,1,I,2,T,4,Nowak 1999: 1607,,,
12,134,Ningxia CHN,312,Rodentia,Muridae ,Niviventer_confucianus,Confucian niviventer ,65,2,O,3,T,4,Nowak 1999: 1573,,,
12,135,Ningxia CHN,312,Rodentia,Muridae ,Rattus_rattus,Roof rat ,142.5,3,O,3,Sc,3,Nowak 1999: 1519,,,
12,136,Ningxia CHN,312,Rodentia,Dipodidae ,Eozapus_setchuanus,Chinese jumping mouse ,17.5,1,H,6,S,8,Nowak 1999: 1332,"Smith and Xie, 2013: 98)",,
12,137,Ningxia CHN,312,Rodentia,Dipodidae ,Dipus_sagitta,Northern three-toed jerboa ,90,2,O,3,S,8,Nowak 1999: 1338,,,
12,138,Ningxia CHN,312,Rodentia,Dipodidae ,Allactaga_sibirica,Mongolian five-toed jerboa ,117.5,2,I,2,S,8,Nowak 1999: 1342,,,
12,139,Ningxia CHN,312,Rodentia,Sciuridae ,Spermophilus_dauricus,Alashan/Daurian ground squirrel ,542.5,4,O,3,T,4,Nowak 1999: 1256,,,
12,140,Ningxia CHN,312,Rodentia,Spalacidae ,Eospalax_fontanierii,Chinese zokor ,385,3,H,6,F,7,Smith and Xie 2013:100,,,
12,141,Ningxia CHN,312,Lagomorpha,Ochotonidae ,Ochotona_dauurica,Daurian pika ,262.5,3,H,6,Sf,6,Nowak 1999: 1718,,,
12,142,Ningxia CHN,312,Lagomorpha,Ochotonidae ,Ochotona_huangensis,Tsing-Ling pika ,262.5,3,H,6,T,4,Nowak 1999: 1718,,,
12,143,Ningxia CHN,312,Eulipotyphla,Soricidae ,Sorex_cylindricauda,Stripe-backed shrew ,10.05,1,I,2,T,4,Nowak 1999: 207,,,
13,144,Great Smoky Mountain TN,331,Didelphimorphia,Didelphidae,Didelphis_virginiana,virginia opossum,6000,5,O,3,Sc,3,0.5-5.5 kg (Nowak 1999; whole genus),,The locomotor mode is followed Nowak 1999,
13,145,Great Smoky Mountain TN,331,Soricomorpha,Soricidae,Sorex_cinereus,cinereus shrew,10,1,I,2,T,4,,,,
13,146,Great Smoky Mountain TN,331,Soricomorpha,Soricidae,Sorex_fumeus,smoky shrew,10,1,I,2,T,4,,,,
13,147,Great Smoky Mountain TN,331,Soricomorpha,Soricidae,Blarina_brevicauda,northern short-tailed shrew,25,1,I,2,T,4,15-30 (Nowak 1999; whole genus),F (Nowak 1999),,
13,148,Great Smoky Mountain TN,331,Soricomorpha,Talpidae,Parascalops_breweri,hairy-tailed mole,65,2,I,2,F,7,,,,
13,149,Great Smoky Mountain TN,331,Rodentia,Sciuridae,Sciurus_niger,eastern fox squirrel,1350,4,O,3,Sc,3,200-1000 (Nowak 1999; whoe genus),A (Nowak 1999),,
13,150,Great Smoky Mountain TN,331,Rodentia,Sciuridae,Sciurus_carolinensis,eastern gray squirrel,600,4,O,3,Sc,3,200-1000 (Nowak 1999; whoe genus),A (Nowak 1999),,
13,151,Great Smoky Mountain TN,331,Rodentia,Sciuridae,Tamias_striatus,eastern chipmunk,130,3,O,3,Sc,3,70-142 (Nowak 1999),,,
13,152,Great Smoky Mountain TN,331,Rodentia,Sciuridae,Tamiasciurus_hudsonicus,American red squirrel,240,3,G,4,Sc,3,,,,
13,153,Great Smoky Mountain TN,331,Rodentia,Sciuridae,Marmota_monax,woodchuck,4500,5,H,6,T,4,3-7.5kg (Nowak 1999),,,
13,154,Great Smoky Mountain TN,331,Rodentia,Cricetidae,Peromyscus_leucopus,white-footed mouse,20,1,O,3,Sc,3,15-110 (Nowak 1999; whoe genus),,,
13,155,Great Smoky Mountain TN,331,Rodentia,Cricetidae,Microtus_chrotorrhinus,rock vole,55,2,H,6,T,4,,Sf (Nowak 1999),,
13,156,Great Smoky Mountain TN,331,Rodentia,Dipodidae,Napaeozapus_insignis,woodland jumping mouse,30,1,O,3,T,4,17-26 (Nowak 1999),S (Nowak 1999),,
13,157,Great Smoky Mountain TN,331,Lagomorpha,Leporidae,Sylvilagus_transitionalis,New England cottontail,1350,4,H,6,T,4,246-2700 (Nowak 1999; whole genus),,,
13,158,Great Smoky Mountain TN,331,Carnivora,Mustelidae,Neovison_vison,American mink,1350,4,C,1,Sq,5,681-2310 (Nowak 1999),,,
13,159,Great Smoky Mountain TN,331,Carnivora,Mustelidae,Mustela_frenata,long-tailed weasel,340,3,C,1,T,4,85-340 (Nowak 1999),,,
13,160,Great Smoky Mountain TN,331,Carnivora,Mephitidae,Mephitis_mephitis,striped skunk,6500,5,O,3,Sc,3,,,,
13,161,Great Smoky Mountain TN,331,Carnivora,Canidae,Vulpes_vulpes,fox,6500,5,C,1,T,4,,,,
14,162,Big black mountain,331,Didelphimorphia,Didelphaidae,Didelphis_virginiana,Virgina opossum,6000,6,O,3,Sc,3,,,,
14,163,Big black mountain,331,Soricomorpha,Talpidae,Parascalops_breweri,Brewer's mole,65,2,I,2,F,7,,,,
14,164,Big black mountain,331,Soricomorpha,Soricidae,Sorex_cinereus,Cinereus shrew ,10,1,I,2,T,4,,,,
14,165,Big black mountain,331,Soricomorpha,Soricidae,Sorex_fumeus,Smoky shrew ,10,1,I,2,T,4,,,,
14,166,Big black mountain,331,Soricomorpha,Soricidae,Blarina_brevicauda,Short-tailed shrew ,25,1,I,2,T,4,,,,
14,167,Big black mountain,331,Carnivora,Procyonidae,Procyon_lotor,NorthernRaccoon,6000,5,O,3,T,4,Lotze and  Anderson 1979,,,
14,168,Big black mountain,331,Carnivora,Mustelidae,Mustela_frenata,Long-tailed weasel ,340,3,C,1,T,4,,,,
14,169,Big black mountain,331,Carnivora,Mustelidae,Neovison_vison,Mink,1350,4,C,1,Sq,5,,,,
14,170,Big black mountain,331,Carnivora,Canidae,Urocyon_cinereoargenteus,Gray fox,6000,5,C,1,T,4,,,,
14,171,Big black mountain,331,Rodentia,Sciuridae,Marmota_monax,woodchuck,4500,5,H,6,T,4,,,,
14,172,Big black mountain,331,Rodentia,Sciuridae,Tamias_striatus,eastern chipmunk ,130,3,O,3,Sc,3,,,,
14,173,Big black mountain,331,Rodentia,Sciuridae,Sciurus_carolinensis,Gray squirrel ,600,4,O,3,Sc,3,,,,
14,174,Big black mountain,331,Rodentia,Sciuridae,Glaucomys_volans,Southern flying squirrel ,65,2,O,3,G,1,,,,
14,175,Big black mountain,331,Rodentia,Cricetidae,Reithrodontomys_humulis,Eastern harvest mouse ,9.15,1,O,3,T  ,4,Stalling 1997,,,
14,176,Big black mountain,331,Rodentia,Cricetidae,Peromyscus_maniculatus,Deer mouse ,30,1,O,3,Sc,3,,,,
14,177,Big black mountain,331,Rodentia,Cricetidae,Peromyscus_leucopus,White footed mouse ,20,1,O,3,Sc,3,,,,
14,178,Big black mountain,331,Rodentia,Cricetidae,Ochrotomys_nuttalli,Golden mouse ,14.75,1,G,4,A,2,Linzey and Packard 1977,,,
14,179,Big black mountain,331,Rodentia,Cricetidae,Neotoma_magister,Allegheny wood rat ,348.5,3,H,6,T,4,Castleberry et al 2006,,,
14,180,Big black mountain,331,Rodentia,Cricetidae,Synaptomys_cooperi,south Bog lemming,35.7,2,H,6,Sf ,6,Linzey 1983; Nowak 1999: 1483),,,
14,181,Big black mountain,331,Rodentia,Cricetidae,Myodes_gapperi,Red-backed vole ,35,2,H,6,T  ,4,,,,
14,182,Big black mountain,331,Rodentia,Cricetidae,Microtus_pinetorum,Pine vole ,24.9,1,H,6,Sf,6,Smolen 1981,,,
14,183,Big black mountain,331,Rodentia,Cricetidae,Ondatra_zibethicus,Muskrat ,1800,4,H,6,Sq,5,,,,
14,184,Big black mountain,331,Rodentia,Muridae,Mus_musculus,House mouse ,21,1,O,3,T,4,Nowak 1999: 1607,,,
14,185,Big black mountain,331,Rodentia,Muridae,Rattus_norvegicus,Norway rat ,297.5,3,O,3,T,4,Verts and Carraway 1998: 290,,,
14,186,Big black mountain,331,Rodentia,Muridae,Napaeozapus_insignis,Woodland jumping mouse ,30,1,O,3,T,4,,,,
14,187,Big black mountain,331,Lagomorpha,Leporidae,Sylvilagus_floridanus,Cottontail ,1800,4,H,6,T,4,,,,
14,188,Big black mountain,331,Lagomorpha,Leporidae,Sylvilagus_transitionalis,New England cottontail,1350,4,H,6,T,4,,,,
15,189,"Maekang, Western Sichun CHN",323,Rodentia,Muridae,Apodemus_draco,,32.5,2,O,3,Sc,3,Nowak 1999: 1500,,,
15,190,"Maekang, Western Sichun CHN",323,Rodentia,Muridae,Apodemus_latronum,,32.5,2,O,3,Sc,3,Nowak 1999: 1500,,,
15,191,"Maekang, Western Sichun CHN",323,Rodentia,Muridae,Apodemus_peninsulae,,32.5,2,O,3,Sc,3,Nowak 1999: 1500,,,
15,192,"Maekang, Western Sichun CHN",323,Rodentia,Muridae,Eospalax_fontanireri,,356.5,3,H,6,F,7,Nowak 1999: 1429,,,
15,193,"Maekang, Western Sichun CHN",323,Rodentia,Muridae,Eozapus_setchuanus,Chinese jumping mouse ,17.5,1,H,6,S,8,Nowak 1999: 1332,"(Smith and Xie, 2013: 98)",,
15,194,"Maekang, Western Sichun CHN",323,Rodentia,Muridae,Neodon_irene,IreneÍs Mountain Vole,100,2,H,6,T  ,4,"Based on Nowak 1999: 1470; Smith Xie 2010, 2013",,,
15,195,"Maekang, Western Sichun CHN",323,Rodentia,Muridae,Microtus_limnophilus,Lacustrine Vole,100,2,H,6,T,4,"Based on Nowak 1999: 1470; Smith Xie 2010, 2013",,,
15,196,"Maekang, Western Sichun CHN",323,Rodentia,Muridae,Micromys_minutus,Old World Harvest Mouse,6,1,O,3,Sc,3,Nowak 1999: 1504,,,
15,197,"Maekang, Western Sichun CHN",323,Rodentia,Muridae,Niviventer_confucianus,,65,2,O,3,T,4,Nowak 1999: 1573,,,
15,198,"Maekang, Western Sichun CHN",323,Rodentia,Muridae,Sicista_concolor,Birch mouse,10,1,O,3,Sc,3,Nowak 1999: 1330,,,
15,199,"Maekang, Western Sichun CHN",323,Eulipotyphla,Soricidae,Chodsigoa_hypsibia,Asiatic shrew,10.5,1,C,1,T,4,Nowak 1999: 214,,,
15,200,"Maekang, Western Sichun CHN",323,Eulipotyphla,Soricidae,Sorex_cylindricauda,long-tailed shrew,10.05,1,O,3,T,4,Nowak 1999: 206,,,
15,201,"Maekang, Western Sichun CHN",323,Eulipotyphla,Soricidae,Sorex_thibetanus,long-tailed shrew,10.05,1,O,3,T,4,Nowak 1999: 206,,,
15,202,"Maekang, Western Sichun CHN",323,Eulipotyphla,Soricidae,Uropsilus_soricipes,Asiatic shrew moles,16,1,C,1,T,4,Nowak 1999: 230,,,
15,203,"Maekang, Western Sichun CHN",323,Lagomorph,Ochotonidae,Ochotona_cansus,Pika,262.5,3,H,6,Sc,3,Nowak 1999: 1718,,,
16,204,Khao Nang Rum Research Station THL,120,Rodentia,Muridae,Maxomys_surifer,red spiny rat,164.5,3,O,3,T,4,Nowak 1999: 1574,,,
16,205,Khao Nang Rum Research Station THL,120,Rodentia,Muridae,Leopoldamys_sabanus,long-tailed giant rat,347.5,3,O,3,Sc,3,Nowak 1999: 1575,,,
16,206,Khao Nang Rum Research Station THL,120,Rodentia,Muridae,Rattus_rattus,black rat ,92.5,2,O,3,Sc,3,Nowak 1999: 1517,,,
16,207,Khao Nang Rum Research Station THL,120,Rodentia,Muridae,Niviventer_fulvescens,White-bellied rat,73,2,I ,2,T,4,Nowak 1999,Zhou et al 2011),,
16,208,Khao Nang Rum Research Station THL,120,Rodentia,Muridae,Berylmys_berdmorei,small white-toothed rat,413.5,3,O,3,T,4,Nowak 1999: 1576,,,
16,209,Khao Nang Rum Research Station THL,120,Rodentia,Muridae,Mus_cervicolor,fawn-colored mouse,21,1,O,3,F,7,Nowak 1999: 1607,,,
16,210,Khao Nang Rum Research Station THL,120,Rodentia,Sciuridae,Menetes_berdmorei,Indochinese ground squirrel,195,3,F,5,Sc,3,Nowak 1999: 1287, (Walker and Rabinowitz 1992),,
16,211,Khao Nang Rum Research Station THL,120,Scandentia,Tupaiidae,Tupaia_glis,common tree shrew,142,3,I,2,Sc,3, (Walker and Rabinowitz 1992),,,
16,212,Khao Nang Rum Research Station THL,120,Erinaceomorpha,Erinaceidae,Hylomys_suillus,short-tailed gymnure,47.5,2,I,2,T,4,Nowak 1999: 170,,,
16,213,Khao Nang Rum Research Station THL,120,Soricomorpha,Soricidae,Crocidura_fuliginosa,Southeast Asian shrew,14,1,C,1,T,4,Nowak 1999: 221,,,
17,214,"MDF, Gandhi Wildlife Sancturay IND",130,Rodentia,Muridae,Rattus_rattus,Roof rat ,101,2,O,3,Sc,3,Nowak 1999: 1519,,,
17,215,"MDF, Gandhi Wildlife Sancturay IND",130,Rodentia,Muridae,Mus_platythrix,House mouse ,28.05,1,I,2,T,4,Nowak 1999: 1607,,,
17,216,"MDF, Gandhi Wildlife Sancturay IND",130,Rodentia,Sciuridae,Funambulus_tristriatus,Asiatic Striped palm squirrels,141.5,3,O,3,Sc,3,Nowak 1999: 1274,,,
17,217,"MDF, Gandhi Wildlife Sancturay IND",130,Rodentia,Muridae,Madromys_blanfordi,,104,2,O ,3,A,2, (Shanker 2001),(Shenbrot et al 1994),,
17,218,"MDF, Gandhi Wildlife Sancturay IND",130,Rodentia,Muridae,Golunda_ellioti,,81.3,2,H,6,T,4,Nowak 1999: 1564,,,
18,219,Cristobal Panama Canal Zone,120,Didelphimorphia,Didelphidae,Didelphis_marsupialis,southern opossum,6000,5,O,3,Sc,3,0.5-5.5 kg (Nowak 1999; whole genus),,The locomotor mode is followed Nowak 1999,
18,220,Cristobal Panama Canal Zone,120,Didelphimorphia,Didelphidae,Caluromys_derbianus,Central American woolly opossum,300,3,O,3,A,2,200-500 g (Nowak 1999; whole genus),,,
18,221,Cristobal Panama Canal Zone,120,Didelphimorphia,Didelphidae,Marmosa_robinsoni,Robinson's mouse opossum,100,2,O,3,Sc,3,60-130 (Nowak 1999),,,
18,222,Cristobal Panama Canal Zone,120,Didelphimorphia,Didelphidae,Philander_opossum,gray four-eyed opossum,500,3,O,3,Sc,3,200-660 (Nowak 1999),T (Nowak 1999),,
18,223,Cristobal Panama Canal Zone,120,Didelphimorphia,Didelphidae,Metachirus_nudicaudatus,brown four-eyed opossum,600,4,O,3,Sc,3,91-480 (Nowak 1999),,,
18,224,Cristobal Panama Canal Zone,120,Didelphimorphia,Didelphidae,Chironectes_minimus,water opossum,750,4,I,2,Sq,5,,,,
18,225,Cristobal Panama Canal Zone,120,Primate,Aotidae,Aotus_trivirgatus,three-striped night monkey,1000,4,O,3,A,2,,,,
18,226,Cristobal Panama Canal Zone,120,Primate,Cebidae,Cebus_capucinus,White-headed Capuchin,2500,5,O,3,A,2,,,,
18,227,Cristobal Panama Canal Zone,120,Pilosa,Myrmecophagidae ,Tamandua_tetradactyla,southern tamandua,3000,5,I,2,Sc,3,2-7kg (Nowak 1999; whole genus),,,
18,228,Cristobal Panama Canal Zone,120,Pilosa,Bradypodidae ,Bradypus_variegatus,three-toed sloth,4000,5,H,6,A,2,2.25-6.2kg (Nowak 1999; whole genus),,,
18,229,Cristobal Panama Canal Zone,120,Cingulata,Dasypodidae,Dasypus_novemcinctus,nine-banded armadillo,6000,5,I,2,T,4,,,,
18,230,Cristobal Panama Canal Zone,120,Rodentia,Sciuridae,Sciurus_granatensis,red-tailed squirrel,600,4,O,3,Sc,3,200-1000 (Nowak 1999; whoe genus),,,
18,231,Cristobal Panama Canal Zone,120,Rodentia,Sciuridae,Sciurus_variegatoides,variegated squirrel,400,3,O,3,Sc,3,200-1000 (Nowak 1999; whoe genus),,,
18,232,Cristobal Panama Canal Zone,120,Rodentia,Heteromyidae,Heteromys_desmarestianus,Desmarest's spiny pocket mouse,70,2,G,4,T,4,,,,
18,233,Cristobal Panama Canal Zone,120,Rodentia,Cricetidae,Hylaeamys_megacephalus,,50,2,O,3,T,4,40-80 (Nowak 1999; whole genus),,,
18,234,Cristobal Panama Canal Zone,120,Rodentia,Cricetidae,Oryzomys_bicolor,,50,2,O,3,T,4,40-80 (Nowak 1999; whole genus),,,
18,235,Cristobal Panama Canal Zone,120,Rodentia,Cricetidae,Sigmodontomys_alfari,water rat,65,2,O,3,T,4,160-420 (Nowak 1999; whole genus),Sa (Nowak 1999),,
18,236,Cristobal Panama Canal Zone,120,Rodentia,Cricetidae,Tylomys_panamensis,Panamanian climbing rat,300,3,F,5,Sc,3,,A (Nowak 1999),,
18,237,Cristobal Panama Canal Zone,120,Rodentia,Erethizontidae ,Coendou_rothschildi,Rothschild's porcupine,4000,5,H,6,A,2,0.9-5kg (Nowak 1999; whole genus),,,
18,238,Cristobal Panama Canal Zone,120,Rodentia,Echimyidae,Proechimys_semispinosus,Tome's spiny-rat,300,3,F,5,T,4,~500 (Nowak 1999),,,
18,239,Cristobal Panama Canal Zone,120,Rodentia,Echimyidae,Diplomys_darlingi,rufous soft-furred spiny-rat,300,3,F,5,Sc,3,,,,
18,240,Cristobal Panama Canal Zone,120,Rodentia,Echimyidae,Hoplomys_gymnurus,armored rat,300,3,F,5,T,4,218-790 (Nowak 1999),,,
18,241,Cristobal Panama Canal Zone,120,Rodentia,Dasyproctidae,Dasyprocta_punctata,Central American agouti,4000,5,F,5,T,4,1.3-4kg (Nowak 1999; whole genus),,,
18,242,Cristobal Panama Canal Zone,120,Lagomorpha,Leporidae,Sylvilagus_brasiliensis,Tapeti,1800,4,H,6,T,4,246-2700 (Nowak 1999; whole genus),,,
18,243,Cristobal Panama Canal Zone,120,Carnivora,Mustelidae,Galictis_allamandi,grison,3000,5,C,1,T,4,1.4-3.3 kg (Nowak 1999; whole genus,,,
18,244,Cristobal Panama Canal Zone,120,Carnivora,Mustelidae,Eira_barbara,tayra,5000,5,O,3,Sc,3,4-5kg (Nowak 1999),,,
18,245,Cristobal Panama Canal Zone,120,Carnivora,Procynoidae,Potos_flavus,kinkajou,2500,5,F,5,A,2,1.4-4.6kg (Nowak 1999),,,
18,246,Cristobal Panama Canal Zone,120,Carnivora,Procynoidae,Bassaricyon_gabbii,northern olingo ,1500,4,F,5,A,2,970-1500 (Nowak 1999; whole genus),,,
19,247,Balboa Panama Canal Zone,120,Didelphimorphia,Didelphidae,Didelphis_marsupialis,southern opossum,6000,5,O,3,Sc,3,0.5-5.5 kg (Nowak 1999; whole genus),,The locomotor mode is followed Nowak 1999,
19,248,Balboa Panama Canal Zone,120,Didelphimorphia,Didelphidae,Caluromys_derbianus,Central American woolly opossum,300,3,O,3,A,2,200-500 g (Nowak 1999; whole genus),,,
19,249,Balboa Panama Canal Zone,120,Didelphimorphia,Didelphidae,Marmosa_robinsoni,Robinson's mouse opossum,100,2,O,3,Sc,3,60-130 (Nowak 1999),,,
19,250,Balboa Panama Canal Zone,120,Didelphimorphia,Didelphidae,Philander_opossum,gray four-eyed opossum,500,3,O,3,Sc,3,200-660 (Nowak 1999),T (Nowak 1999),,
19,251,Balboa Panama Canal Zone,120,Didelphimorphia,Didelphidae,Metachirus_nudicaudatus,brown four-eyed opossum,600,4,O,3,Sc,3,91-480 (Nowak 1999),,,
19,252,Balboa Panama Canal Zone,120,Primates,Cebidae,Saguinus_geoffroyi,Geoffroy's tamarin,900,4,O,3,A,2,,,,
19,253,Balboa Panama Canal Zone,120,Primates,Aotidae,Aotus_trivirgatus,three-striped night monkey,1000,4,O,3,A,2,,,,
19,254,Balboa Panama Canal Zone,120,Pilosa,Myrmecophagidae ,Tamandua_tetradactyla,southern tamandua,3000,5,I,2,Sc,3,2-7kg (Nowak 1999; whole genus),,,
19,255,Balboa Panama Canal Zone,120,Pilosa,Myrmecophagidae ,Cyclopes_didactylus,silky anteater,300,3,I,2,A,2,175-357 (Nowak 1999; whole genus),,,
19,256,Balboa Panama Canal Zone,120,Pilosa,Bradypodidae ,Bradypus_variegatus,three-toed sloth,4000,5,H,6,A,2,2.25-6.2kg (Nowak 1999; whole genus),,,
19,257,Balboa Panama Canal Zone,120,Cingulata,Dasypodidae,Dasypus_novemcinctus,nine-banded armadillo,6000,5,I,2,T,4,,,,
19,258,Balboa Panama Canal Zone,120,Rodentia,Sciuridae,Sciurus_granatensis,red-tailed squirrel,600,4,O,3,Sc,3,200-1000 (Nowak 1999; whoe genus),A (Nowak 1999),,
19,259,Balboa Panama Canal Zone,120,Rodentia,Sciuridae,Sciurus_variegatoides,variegated squirrel,400,3,O,3,Sc,3,200-1000 (Nowak 1999; whoe genus),A (Nowak 1999),,
19,260,Balboa Panama Canal Zone,120,Rodentia,Heteromyidae,Liomys_adspersus,Panamanian spiny pocket mouse,57,2,G,5,T,4,,,,
19,261,Balboa Panama Canal Zone,120,Rodentia,Cricetidae,Hylaeamys_megacephalus,,50,2,O,3,T,4,40-80 (Nowak 1999; whole genus),,,
19,262,Balboa Panama Canal Zone,120,Rodentia,Cricetidae,Oecomys_concolor ,,55,2,O,3,Sc,3,40-80 (Nowak 1999; whole genus),,,
19,263,Balboa Panama Canal Zone,120,Rodentia,Cricetidae,Sigmodontomys_alfari,water rat,65,2,O,3,T,4,160-420 (Nowak 1999; whole genus),Sa (Nowak 1999),,
19,264,Balboa Panama Canal Zone,120,Rodentia,Cricetidae,Nyctomys_sumichrasti,vesper rat,60,2,F,5,Sc,3,39-61 (Nowak 1999),A (Nowak 1999),,
19,265,Balboa Panama Canal Zone,120,Rodentia,Cricetidae,Tylomys_panamensis,Panamanian climbing rat,300,3,F,5,Sc,3,,A (Nowak 1999),,
19,266,Balboa Panama Canal Zone,120,Rodentia,Cricetidae,Zygodontomys_brevicauda,short-tailed cane mouse,100,2,O,3,T,4,,,,
19,267,Balboa Panama Canal Zone,120,Rodentia,Cricetidae,Sigmodon_hispidus,hispid cotton rat,200,3,H,6,T,4,"70-211 (Nowak, 1999; whole genus)",,,
19,268,Balboa Panama Canal Zone,120,Rodentia,Erethizontidae ,Coendou_rothschildi,Rothschild's porcupine,4000,5,H,6,A,2,0.9-5kg (Nowak 1999; whole genus),,,
19,269,Balboa Panama Canal Zone,120,Rodentia,Echimyidae,Proechimys_semispinosus,Tome's spiny-rat,300,3,F,5,T,4,~500 (Nowak 1999),,,
19,270,Balboa Panama Canal Zone,120,Rodentia,Echimyidae,Diplomys_darlingi,rufous soft-furred spiny-rat,300,3,F,5,Sc,3,,,,
19,271,Balboa Panama Canal Zone,120,Rodentia,Dasyproctidae,Dasyprocta_punctata,Central American agouti,4000,5,F,5,T,4,1.3-4kg (Nowak 1999; whole genus),,,
19,272,Balboa Panama Canal Zone,120,Lagomorpha,Leporidae,Sylvilagus_brasiliensis,Tapeti,1800,4,H,6,T,4,246-2700 (Nowak 1999; whole genus),,,
19,273,Balboa Panama Canal Zone,120,Carnivora,Mustelidae,Galictis_allamandi,grison,3000,5,C,1,T,4,1.4-3.3 kg (Nowak 1999; whole genus,,,
19,274,Balboa Panama Canal Zone,120,Carnivora,Mustelidae,Eira_barbara,tayra,5000,6,O,3,Sc,3,4-5kg (Nowak 1999),,,
19,275,Balboa Panama Canal Zone,120,Carnivora,Procynoidae,Potos_flavus,kinkajou,2500,5,F,5,A,2,1.4-4.6kg (Nowak 1999),,,
19,276,Balboa Panama Canal Zone,120,Carnivora,Procynoidae,Bassaricyon_gabbii,northern olingo ,1500,5,F,5,A,2,970-1500 (Nowak 1999; whole genus),,,
20,277,Kinabalu National Park MYS,110,Rodentia,Muridae,Chiropodomys_major,Large pencil-tailed tree mouse ,29,1,H,6,A,2,Nowak 1999: 1502,,,
20,278,Kinabalu National Park MYS,110,Rodentia,Muridae,Maxomys_baeodon,Small spiny rat ,164.5,3,O,3,T,4,Nowak 1999: 1574,,,
20,279,Kinabalu National Park MYS,110,Rodentia,Muridae,Maxomys_whiteheadi,WhiteheadÍs rat,164.5,3,O,3,T,4,Nowak 1999: 1574,,,
20,280,Kinabalu National Park MYS,110,Rodentia,Muridae,Maxomys_surifer,Red spiny rat ,164.5,3,O,3,T,4,Nowak 1999: 1574,,,
20,281,Kinabalu National Park MYS,110,Rodentia,Muridae,Niviventer_cremoriventer,Dark-tailed tree rat ,91,2,O,3,Sc ,3,Wells  et al 2007,,,
20,282,Kinabalu National Park MYS,110,Rodentia,Muridae,Lenothrix_canus,Grey tree rat ,177,3,O,3,A,2,Nowak 1999: 1496,,,
20,283,Kinabalu National Park MYS,110,Rodentia,Sciuridae ,Sundasciurus_lowii,LowÍs squirrel ,67,2,F,5,T,4,Nowak 1999: 1287,,,
20,284,Kinabalu National Park MYS,110,Rodentia,Sciuridae ,Sundasciurus_hippurus,Horse-tailed squirrel ,359,3,F,5,Sc,3,Nowak 1999: 1287,,,
20,285,Kinabalu National Park MYS,110,Rodentia,Sciuridae ,Sundasciurus_brookei,BrookeÍs squirrel ,123.5,2,O,3,Sc,3, Thorington et al. 2012:183,,,
20,286,Kinabalu National Park MYS,110,Rodentia,Sciuridae ,Callosciurus_notatus,Plantain squirrel ,325,3,O,3,A,2,Nowak 1999: 1284,,,
20,287,Kinabalu National Park MYS,110,Rodentia,Sciuridae ,Hylopetes_spadiceus,Red-cheeked flying squirrel,118.5,2,O,3,G,1,Nowak 1999: 1301,,,
20,288,Kinabalu National Park MYS,110,Rodentia,Hystricidae ,Trichys_fasciculata,Long-tailed porcupine ,2000,4,H,6,T,4,Nowak 1999: 1644,,,
20,289,Kinabalu National Park MYS,110,Scandentia,Tupaidae ,Tupaia_minor,Lesser treeshrew ,200,3,I,2,A,2,"Nowak 1999: 245; Sargis, 2001; Kirk et al., 2008",,,
20,290,Kinabalu National Park MYS,110,Scandentia,Tupaidae ,Tupaia_gracilis,Slender treeshrew ,200,3,I,2,T,4,Nowak 1999: 245,,,
20,291,Kinabalu National Park MYS,110,Scandentia,Tupaidae ,Tupaia_longipes,Plain treeshrew ,200,3,I,2,T,4,Nowak 1999: 245,,,
20,292,Kinabalu National Park MYS,110,Scandentia,Tupaidae ,Tupaia_tana,Large treeshrew ,200,3,I,2,T,4,Nowak 1999: 245,,,
20,293,Kinabalu National Park MYS,110,Scandentia,Tupaidae ,Ptilocercus_lowii,Pentail treeshrew ,42.5,2,O,3,A,2,Nowak 1999: 249,,,
20,294,Kinabalu National Park MYS,110,Carnivora,Viverridae,Herpestes_brachyurus,Short-tailed mongoose ,2250,4,C,1,T,4,Nowak 1999: 773,,,
20,295,Kinabalu National Park MYS,110,Primate,Lorisidae,Nycticebus_coucang,Slow lori,1187.5,4,C,1,A,2,Nowak 1999: 498,,,
21,296,Lambir Hills National Park MYS,110,Scandentia ,Tupaiidae ,Tupaia_tana,Large treeshrew ,200,3,I,2,T,4,Nowak 1999: 245,,,
21,297,Lambir Hills National Park MYS,110,Scandentia ,Tupaiidae ,Tupaia_splendidula,Ruddy treeshrew ,185,3,I,2,T,4,Nakagawa et al 2007,,,
21,298,Lambir Hills National Park MYS,110,Scandentia ,Tupaiidae ,Tupaia_glis,Common treeshrew ,200,3,I,2,Sc,3,"Van Valkenburgh, 1987; Nowak 1999: 245",,,
21,299,Lambir Hills National Park MYS,110,Scandentia ,Tupaiidae ,Tupaia_picta,Painted treeshrew ,200,3,I,2,Sc,3,"Endo et al., 2003",,,
21,300,Lambir Hills National Park MYS,110,Scandentia ,Tupaiidae ,Tupaia_minor,Lesser treeshrew ,200,3,I,2,A,2,"Nowak 1999: 245; Sargis, 2001; Kirk et al., 2008",,,
21,301,Lambir Hills National Park MYS,110,Scandentia ,Tupaiidae ,Tupaia_gracilis,Slender treeshrew ,200,3,I,2,T,4,Nowak 1999: 245,,,
21,302,Lambir Hills National Park MYS,110,Scandentia ,Tupaiidae ,Ptilocercus_lowii,Pentail treeshrew ,42.5,2,O,3,A,2,Nowak 1999: 249,,,
21,303,Lambir Hills National Park MYS,110,Rodentia,Muridae ,Niviventer_cremoriventer,Dark-tailed tree rat ,91,2,O,3,Sc ,3,Wells  et al 2007,,,
21,304,Lambir Hills National Park MYS,110,Rodentia,Muridae ,Maxomys_rajah,Brown spiny rat ,159.5,3,H,6,T,4,Nowak 1999: 1574,,,
21,305,Lambir Hills National Park MYS,110,Rodentia,Muridae ,Maxomys_whiteheadi,White headÍs rat ,159.5,3,H,6,T,4,Nowak 1999: 1574,,,
21,306,Lambir Hills National Park MYS,110,Rodentia,Muridae ,Sundamys_muelleri,MullerÍs rat ,424.5,3,O,3,T,4,Nowak 1999: 1506,,,
21,307,Lambir Hills National Park MYS,110,Rodentia,Muridae ,Chiropodomys_major,Large pencil-tailed tree-mouse ,29,1,O,3,A,2,Nowak 1999: 1502,,,
21,308,Lambir Hills National Park MYS,110,Rodentia,Muridae ,Leopoldamys_sabanus,Long-tailed giant rat ,347.5,3,O,3,T,4,,,,
21,309,Lambir Hills National Park MYS,110,Rodentia,Muridae ,Haeromys_margarettae,Ranee mouse ,100,2,G,4,A,2,Nowak 1999: 1505,,,
21,310,Lambir Hills National Park MYS,110,Rodentia,Muridae ,Lenothrix_canus,Grey tree rat ,177,3,O,3,A,2,Nowak 1999: 1496,,,
21,311,Lambir Hills National Park MYS,110,Rodentia,Muridae ,Mus_musculus,House mouse ,23,1,O,3,T,4,Nowak 1999: 1607,,,
21,312,Lambir Hills National Park MYS,110,Rodentia,Muridae ,Rattus_rattus,House rat ,142.5,3,O,3,Sc,3,Nowak 1999: 1519,,,
21,313,Lambir Hills National Park MYS,110,Rodentia,Muridae ,Rattus_exulans,Polynesian rat ,38,2,O,3,Sc,3,Nowak 1999: 1519,,,
21,314,Lambir Hills National Park MYS,110,Rodentia,Muridae ,Rattus_tiomanicus,Malaysian field rat ,142.5,3,O,3,Sc,3,Nowak 1999: 1519,,,
21,315,Lambir Hills National Park MYS,110,Rodentia,Sciuridae,Sundasciurus_lowii,LowÍs squirrel ,67,2,F,5,T,4,Nowak 1999: 1287,,,
21,316,Lambir Hills National Park MYS,110,Rodentia,Sciuridae,Callosciurus_notatus,Plantain squirrel ,325,3,O,3,A,2,Nowak 1999: 1284,,,
21,317,Lambir Hills National Park MYS,110,Insectivora ,Erinaceidae ,Echinosorex_gymnura,Moonrat ,1250,4,O,3,T,4,Nowak 1999: 173,,,
22,318,Katavi National Park TZ,130,Rodentia,Muridae,Mastomys_natalensis,Natal multimammate mouse,50,2,O ,3,T,4,(Nowak 1999),,,
22,319,Katavi National Park TZ,130,Rodentia,Cricetidae,Gerbilliscus_leucogaster,Bushveld Gerbil,73,2,O ,3,T ,4,(Nowak 1999),,,
22,320,Katavi National Park TZ,130,Rodentia,Cricetidae,Gerbilliscus_robustus,Fringe-tailed Gerbil,116,2,O,3,T,4,Nowak 1999,,,
22,321,Katavi National Park TZ,130,Rodentia,Muridae,Lemniscomys_striatus,Typical striped grass mouse,43,2,H,6,T,4,Nowak 1999,,,
22,322,Katavi National Park TZ,130,Rodentia,Muridae,Lemniscomys_griselda,Griselda's striped grass mouse,43,2,H,6,T,4,Nowak 1999,,,
22,323,Katavi National Park TZ,130,Rodentia,Muridae,Mastomys_natalensis,Smoky meadow rat,29.5,1,O,3,T,4,Nowak 1999,,,
22,324,Katavi National Park TZ,130,Rodentia,Muridae,Dasymys_incomtus,African Marsh Rat ,103.5,2,H,6,T,4,Nowak 1999,,,
22,325,Katavi National Park TZ,130,Rodentia,Muridae,Saccostomus_campestris,pouched mouse,67.5,2,G,4,T,4,Nowak 1999,,,
22,326,Katavi National Park TZ,130,Rodentia,Muridae,Mus_minutoides,African pygmy mouse,7.25,1,O,3,T,4,Nowak 1999,,,
22,327,Katavi National Park TZ,130,Rodentia,Muridae,Rattus_rattus,house rat,92.5,2,O,3,Sc,3,Nowak 1999,,,
22,328,Katavi National Park TZ,130,Rodentia,Gliridae,Graphiurus_murinus,woodland dormouse,24,1,O,3,A,2,Nowak 1999,,,
22,329,Katavi National Park TZ,130,Eulipotyphla,Soricidae,Crocidura_hirta,lesser red musk shrew,15.6,1,C,1,T,4,Nowak 1999:221,Kingdon et al 2013:89,,
23,330,Cerrado BRA,120,Didelphimorphia,Didelphidae,Chironectes_minimus,water opossum,695,4,C,1,Sq*,5,,"Diets are:C,carnivore;F,frugivoreG;,granivoreH;,herbivore;I,insecti- vore; 0, omnivore. ",,
23,331,Cerrado BRA,120,Didelphimorphia,Didelphidae,Didelphis_albiventris,white-eared opossum,1350,4,O,3,T,4,,,,
23,332,Cerrado BRA,120,Didelphimorphia,Didelphidae,Cryptonanus_chacoensis,chacoan gracile opossum,31.5,1,O,3,A,2,,,,
23,333,Cerrado BRA,120,Didelphimorphia,Didelphidae,Marmosa_murina,mouse opossums,36,2,O,3,T,4,,,,
23,334,Cerrado BRA,120,Didelphimorphia,Didelphidae,Monodelphis_americana,northern three-striped opossum,52.5,2,O,3,T,4,,,,
23,335,Cerrado BRA,120,Didelphimorphia,Didelphidae,Monodelphis_domestica,gray short-tailed opossum ,102.5,2,O,3,T,4,,,,
23,336,Cerrado BRA,120,Didelphimorphia,Didelphidae,Monodelphis_kunsi,Pygmy Short-tailed Opossum,12,1,I,2,T,4,,"Locomotor adaptationsare: A, arboreal;Aq, aquatic; C, cursorial;S, scansorial;Saq, semiaquatic;T, terrestri",,
23,337,Cerrado BRA,120,Rodentia,Cricetidae,Akodon_cursor,cursor grass mouse ,42.5,2,O,3,T,4,,,,
23,338,Cerrado BRA,120,Rodentia,Cricetidae,Necromys_lasiurus,hairy-tailed bolo mouse,102.5,2,O,3,T,4,,,,
23,339,Cerrado BRA,120,Rodentia,Cricetidae,Calomys_callosus,large vesper mouse,40,2,G,4,T,4,,,,
23,340,Cerrado BRA,120,Rodentia,Cricetidae,Calomys_tener,delicate vesper mouse,12,1,G,4,T,4,,,,
23,341,Cerrado BRA,120,Rodentia,Cricetidae,Nectomys_squamipes,South American water rat,325,3,O,3,Sq,5,,,,
23,342,Cerrado BRA,120,Rodentia,Cricetidae,Oryzomys_bicolor,,30,1,O,3,A,2,,,,
23,343,Cerrado BRA,120,Rodentia,Cricetidae,Hylaeamys_megacephalus,,57.5,2,O,3,T,4,,,,
23,344,Cerrado BRA,120,Rodentia,Cricetidae,Oecomys_concolor,,70,2,O,3,A,2,,,,
23,345,Cerrado BRA,120,Rodentia,Cricetidae,Oryzomys_nigripes,,20.5,1,O,3,T,4,,,,
23,346,Cerrado BRA,120,Rodentia,Cricetidae,Oryzomys_fornesi,,18.5,1,O,3,T,4,,,,
23,347,Cerrado BRA,120,Rodentia,Cricetidae,Cerradomys_subflavus,,87.5,2,I,2,T,4,,,,
23,348,Cerrado BRA,120,Rodentia,Cricetidae,Oxymycterus_roberti,RobertÍs Hocicudo,75,2,O,3,T,4,,,,
23,349,Cerrado BRA,120,Rodentia,Cricetidae,Rhipidomys_mastacalis,long-tailed climbing mouse,75,2,O,3,A,2,,,,
23,350,Cerrado BRA,120,Rodentia,Cricetidae,Thalpomys_lasiotis,hairy-eared cerrado mouse,23.5,1,O,3,T,4,,,,
23,351,Cerrado BRA,120,Rodentia,Erethizontidae,Coendou_prehensilis,Brazilian porcupine,3000,5,H,6,A,2,,,,
23,352,Cerrado BRA,120,Rodentia,Caviidae,Cavia_aperea,Brazilian guinea pig,700,4,H,6,C,4,,,,
23,353,Cerrado BRA,120,Rodentia,Dasyproctidae,Dasyprocta_leporina,Common agouti,2100,5,H,6,C,4,,,,
23,354,Cerrado BRA,120,Rodentia,Echimyidae,Proechimys_cuvieri,South American spiny rats,325,3,H,6,T,4,,,,
23,355,Cerrado BRA,120,Rodentia,Echimyidae,Thrichomys_apereoides,Common punar_,285,3,H,6,T,4,,,,
24,356,S. Atherton Tableland AU,110,Dasyuromorphia,Dasyuridae,Antechinus_godmani,Broad-footed marsupial mouse,57,2,C,1,T,4,Nowak 1999: 48,,,
24,357,S. Atherton Tableland AU,110,Dasyuromorphia,Dasyuridae,Antechinus_stuartii,Broad-footed marsupial mouse,30.8,1,C,1,T,4,Nowak 1999: 48,,,
24,358,S. Atherton Tableland AU,110,Dasyuromorphia,Dasyuridae,Antechinus_flavipes,Broad-footed marsupial mouse,57,2,C,1,Sc,3,Nowak 1999: 48,,,
24,359,S. Atherton Tableland AU,110,Rodentia,Muridae,Melomys_cervinipes,Mosaic-tailed mouse,115,2,F,5,A,2,Nowak 1999: 1548,,,
24,360,S. Atherton Tableland AU,110,Rodentia,Muridae,Melomys_burtoni,Mosaic-tailed mouse,115,2,F,5,Sc,3,Nowak 1999: 1548,,,
24,361,S. Atherton Tableland AU,110,Rodentia,Muridae,Rattus_lutreolus,Swap Rat,116.5,2,O,3,T,4, (Taylor and Calaby 1988),,,
24,362,S. Atherton Tableland AU,110,Rodentia,Muridae,Rattus_sordidus,Canefield Rat,107.5,2,O,3,Sc,3,Nowak 1999: 1519,,,
24,363,S. Atherton Tableland AU,110,Rodentia,Muridae,Uromys_caudimaculatus,Giant naked-talied rat,735,4,G,5,A,2,Nowak 1999: 1546,,,
24,364,S. Atherton Tableland AU,110,Diprotodontia,Potoroidae,Aepyprymnus_rufescens,Rufous Rat-kangaroo,2480,5,H,6,S,8,Nowak 1999: 103,,,
24,365,S. Atherton Tableland AU,110,Peramelemorphia,Peramelidae,Isoodon_macrourus,Short-nosed bandicoot,1800,4,I,2,T,4,Nowak 1999: 74,,,
25,366,South-western Kalahari BSW,221,Rodentia,Sciuridae,Xerus_inauris,South African ground squirrel,536,4,H,6,T,4,Nowak 1999:1262,,,
25,367,South-western Kalahari BSW,221,Lagomorpha,Leporidae,Lepus_capensis,Jack hare,2950,5,H,6,T,4,Nowak 1999: 1736,,,
25,368,South-western Kalahari BSW,221,Lagomorpha,Leporidae,Pedetes_capensis,South African spring hare,3150,5,H,6,S,8,Nowak 1999: 1620,,,
25,369,South-western Kalahari BSW,221,Carnivora,Herpestidae,Mungos_mungo,banded mongoose,1300,4,C,1,T,4,Nowak 1999: 774,,,
25,370,South-western Kalahari BSW,221,Carnivora,Herpestidae,Galerella_sanguinea,slender mongoose,600,4,C,1,Sc,3,Nowak 1999: 774,,,
25,371,South-western Kalahari BSW,221,Carnivora,Herpestidae,Suricata_suricatta,meerkat,800,4,C,1,F,7,"Nowak, 1999: 784",,,
25,372,South-western Kalahari BSW,221,Carnivora,Herpestidae,Cynictis_penicillata,yellow mongoose,700,4,C,1,F,7,"Nowak, 1999: 782",,,
25,373,South-western Kalahari BSW,221,Carnivora,Viverridae,Genetta_genetta,small-spotted genet,2050,5,C,1,Sc,3,"Nowak, 1999: 753",,,
25,374,South-western Kalahari BSW,221,Carnivora,Mustelidae ,Ictonyx_striatus,Striped Polecat,950,4,C,1,T; Sc; Sq,4,"Nowak, 1999: 723",,,
25,375,South-western Kalahari BSW,221,Carnivora,Felidae ,Felis_catus,Wildcat,4750,5,C,1,Sc,3,"Nowak, 1999: 639",,,
25,376,South-western Kalahari BSW,221,Carnivora,Canidae,Vulpes_chama,Cape fox,3250,5,C,1,T,4,Nowak 1999: 642,,,
25,377,South-western Kalahari BSW,221,Carnivora,Canidae,Otocyon_megalotis,bat-eared fox,4000,5,I,2,Sf,6,Nowak 1999: 674,,,
26,378,eKundizei Farm SWL,321,Rodentia,Muridae,Mastomys_natalensis,Natal multimammate mouse,50,2,H,6,T,4,Nowak 1999,Kingdon et al 2013: Mammals of Africa,,
26,379,eKundizei Farm SWL,321,Rodentia,Muridae,Lemniscomys_rosalia,Single-striped grass mouse,42,2,H; G; I (Nowak 1999),6,T (Nowak 1999),4,,,,
26,380,eKundizei Farm SWL,321,Rodentia,Muridae,Mus_minutoides,African pygmy mouse,7.25,1,O (Nowak 1999),3,Sf (Nowak 1999),6,,,,
26,381,eKundizei Farm SWL,321,Rodentia,Muridae,Aethomys_chrysophilus,Red rock rat,106.5,2,G (Nowak 1999),4,A (partically; Nowak 1999),2,,,,
26,382,eKundizei Farm SWL,321,Rodentia,Muridae,Otomys_angoniensis,Angoni vlei rat,157.5,3,H (Nowak 1999),6,T; Sq (Nowak 1999),4,,,,
26,383,eKundizei Farm SWL,321,Rodentia,Nesomyidae,Steatomys_pratensis,Fat mouse,37.5,2,G (Kingdon et al 2013: 200),4,Sf (Nowak 1999),6,,,,
26,384,eKundizei Farm SWL,321,Rodentia,Nesomyidae,Dendromus_mystacalis,Chestnut Climbing Mouse,13,1,O (Nowak 1999),3,Sc (Nowak 1999),3,,,,
26,385,eKundizei Farm SWL,321,Soricomorpha,Soricidae,Crocidura_hirta,lesser red musk shrew,15.6,1,C (Nowak 1999:221),1,T (Kingdon et al 2013:89),4,,,,
27,386,Parque Estadual do Turvo BRA,331,Didelphimorphia,Didelphidae,Didelphis_aurita,big-eared opossum,2750,5,O,3,Sc,3,Nowak 1999; 30,,,
27,387,Parque Estadual do Turvo BRA,331,Didelphimorphia,Didelphidae,Gracilinanus_microtarsus,Guahyba gracile opossum,31,1,O (Nowak 1999: 20),3,Sc,3,Gardner 2008 (name),,,
27,388,Parque Estadual do Turvo BRA,331,Didelphimorphia,Didelphidae,Micoureus_paraguayanus,TateÍs Woolly Mouse Opossum,124.5,2,insectivorous-omnivorous (Casella and Càceres 2006),2,A,2,,,,
27,389,Parque Estadual do Turvo BRA,331,Rodentia,Cricetidae,Akodon_montensis,Montane Grass Mouse,38,2,"O (Vieira et al., 2006)",3,T,4,,,,
27,390,Parque Estadual do Turvo BRA,331,Rodentia,Cricetidae,Oligoryzomys_nigripes,black-footed pygmy rice rat,24.5,1,O,3,Sc,3,Nowak 1999: 1369,,,
27,391,Parque Estadual do Turvo BRA,331,Rodentia,Cricetidae,Brucepattersonius_iheringi,Ihering's akodont,20,1,I (Nowak 1999: 1394),2,Sf,6,,,,
27,392,Parque Estadual do Turvo BRA,331,Rodentia,Cricetidae,Thaptomys_nigrita,blackish grass mouse,20,1,O (Pinotti et al 2011),3,Sf ,6,,,,
27,393,Parque Estadual do Turvo BRA,331,Rodentia,Cricetidae,Oryzomys_angouya,rat-headed rice rat,144,3,O,3,Sc,3,Nowak 1999: 1367,,,
27,394,Parque Estadual do Turvo BRA,331,Rodentia,Cricetidae,Oxymycterus_quaestor,hocicudo,75,2,I,2,Sf,6,Nowak 1999: 1394,,,
27,395,Parque Estadual do Turvo BRA,331,Rodentia,Cricetidae,Oryzomys_russatus,Russet Rice Rat,59,2,I (Naxara et al 2009),2,T,4,,,,
27,396,Parque Estadual do Turvo BRA,331,Rodentia,Cricetidae,Juliomys_pictipes,Contreras' juliomys,30.5,1,F (Vieira et 2003),5,"A(3,5)",2,,,,
27,397,Parque Estadual do Turvo BRA,331,Rodentia,Echimyidae,Kannabateomys_amblyonyx,Atlantic bamboo rat,460,3,H,6,A(4),2,Nowak 1999: 1700,,,
28,398,USK Namaqua National Park SA,222,Rodentia,Muridae,Aethomys_namaquensis,Namaqua rock rat,55.5,2,64.6 26.1 9.3: G,4,Sc,3,Nowak 1999: 1601,,,Seeds Foliage Insects 
28,399,USK Namaqua National Park SA,222,Rodentia,Muridae,Gerbillurus_paeba,Southern Pygmy Gerbils,28.5,1,57 22 21: G,4,T,4,Nowak 1999: 1449,,,"Contribution (mean % volume) of seeds (white material), foliage (green material) and insects (brown material) to the diet  "
28,400,USK Namaqua National Park SA,222,Rodentia,Nesomyidae,Petromyscus_barbouri,rock mouse,20,1,90.67 1.67 7.67: O,4,"T (Kingdon et al, 2013:205)",4,Nowak 1999: 1492,,,
28,401,USK Namaqua National Park SA,222,Macroscelidea,Macroscelididae,Elephantulus_edwardii,Cape rock elephant shrew,42.5,2,27.25 28.5 44.25: I,2,T,4,Nowak 1999:1744,,,
29,402,DRS Namaqua National Park SA,222,Rodentia,Muridae,Gerbillurus_paeba,Southern Pygmy Gerbils,28.5,1,57 22 21: G,4,T,4,Nowak 1999: 1449,,,"Contribution (mean % volume) of seeds (white material), foliage (green material) and insects (brown material) to the diet  "
29,403,DRS Namaqua National Park SA,222,Rodentia,Muridae,Mus_minutoides,African pygmy mouse,7.25,1,O,3,Sf,6,Nowak 1999: 1606,,,
30,404,NWMR Namaqua National Park SA,222,Rodentia,Muridae,Aethomys_namaquensis,Namaqua rock rat,55.5,2,64.6 26.1 9.3: G,4,Sc,3,Nowak 1999: 1601,,,Seeds Foliage Insects 
30,405,NWMR Namaqua National Park SA,222,Rodentia,Muridae,Gerbillurus_paeba,Southern Pygmy Gerbils,28.5,1,57 22 21: G,4,T,4,Nowak 1999: 1449,,,"Contribution (mean % volume) of seeds (white material), foliage (green material) and insects (brown material) to the diet  "
30,406,NWMR Namaqua National Park SA,222,Macroscelidea,Macroscelididae,Elephantulus_edwardii,Cape rock elephant shrew,42.5,2,27.25 28.5 44.25: I,2,T,4,Nowak 1999:1744,,,
31,407,"Parque Nacional Fray Jorge, Coquimbo, CHI",212,Rodentia,Cricetida ,Abrothrix_olivaceus,Olive Grass Mouse,43.5,2,O,3,Sc,3,Nowak 1999: 1391,,,
31,408,"Parque Nacional Fray Jorge, Coquimbo, CHI",212,Rodentia,Cricetida ,Abrothrix_longipilis,Long-haired Grass Mouse,37.5,2,I,2,Sf,6,Nowak 1999: 1391,,,
31,409,"Parque Nacional Fray Jorge, Coquimbo, CHI",212,Rodentia,Cricetida ,Phyllotis_darwini,Darwin's leaf-eared mouse,60,2,G,4,T,4,Nowak 1999: 1406,,,
31,410,"Parque Nacional Fray Jorge, Coquimbo, CHI",212,Rodentia,Octodontidae ,Octodon_degus,degu,285,3,O,3,Sf,6,Nowak 1999: 1681,,,
32,411,"Fundo San Carlos de Apoquindo, Los Dominicos, CHI",312,Rodentia,Abrocomidae,Abrocoma_bennetti,Chinchilla rat,265.5,3,H,6,Sc,3,Nowak 1999: 1687,,,
32,412,"Fundo San Carlos de Apoquindo, Los Dominicos, CHI",312,Rodentia,Cricetida ,Abrothrix_olivaceus,Olive-colored Akodont,43.5,2,O,3,Sc,3,Nowak 1999: 1391,,,
32,413,"Fundo San Carlos de Apoquindo, Los Dominicos, CHI",312,Didelphimorphia,Marmosidae,Thylamys_pallidior,Southern Mouse opossums,36.5,2,I,2,Sc,3,Nowak 1999: 23,,,
32,414,"Fundo San Carlos de Apoquindo, Los Dominicos, CHI",312,Rodentia,Octodontidae,Octodon_degus,degus,235,3,O,3,Sf,6,Nowak 1999:1681,,,
32,415,"Fundo San Carlos de Apoquindo, Los Dominicos, CHI",312,Rodentia,Muridae,Oryzomys_longicaudatus,Rice mouse,28,2,G,4,T,4,Meserve et al 1988),Andrades-Miranda et al 2001),,
32,416,"Fundo San Carlos de Apoquindo, Los Dominicos, CHI",312,Rodentia,Muridae,Phyllotis_darwini,Leaf-eared mouse,60,2,G,4,T,4,Nowak 1999: 1406,,,
33,417,"Shenandoah Mountain, VA",331,Soricomorpha,Soricidae,Blarina_brevicauda,northern short-tailed shrew,25,1,I,2,T,4,,,,
33,418,"Shenandoah Mountain, VA",331,Soricomorpha,Soricidae,Sorex_cinereus,masked shrew,10,1,I,2,T,4,,,,
33,419,"Shenandoah Mountain, VA",331,Soricomorpha,Soricidae,Sorex_dispar,long-tailed shrew,10.05,1,C,1,T,4,,,,
33,420,"Shenandoah Mountain, VA",331,Soricomorpha,Soricidae,Sorex_hoyi,American pygmy shrew,10.05,1,C,1,T,4,,,,
33,421,"Shenandoah Mountain, VA",331,Rodentia,Cricetidae,Myodes_gapperi,southern -backed vole,35,2,H,6,T,4,,,,
33,422,"Shenandoah Mountain, VA",331,Rodentia,Cricetidae,Microtus_pennsylvanicus,meadow vole,49,2,H,6,T,4,Nowak 1999: 1473,,,
33,423,"Shenandoah Mountain, VA",331,Rodentia,Cricetidae,Peromyscus_leucopus,white-footed mouse,,1,O,3,Sc,3,Lackey et al 1985,,,
33,424,"Shenandoah Mountain, VA",331,Rodentia,Cricetidae,Peromyscus_maniculatus,deer mouse,30,1,O,3,Sc,3,,,,
33,425,"Shenandoah Mountain, VA",331,Rodentia,Cricetidae,Synaptomys_cooperi,southern bog lemming,35.7,2,H,6,Sf,6,Linzey 1983; Nowak 1999: 1483),Nowak 1999: 1483),,
33,426,"Shenandoah Mountain, VA",331,Rodentia,Dipodidae,Napaeozapus_insignis,woodland jumping mouse,30,1,O,3,T,4,,,,
33,427,"Shenandoah Mountain, VA",331,Rodentia,Sciuridae,Tamias_striatus,eastern chipmunk,130,3,O,3,Sc,3,70-142 (Nowak 1999),,,
34,428,"Zhang County, Gansu CHN",311,Soricomorpha,Soricidae,Sorex_sinalis,Chinese shrew,10.5,1,O,3,T,4,Nowak 1999: 206,,,
34,429,"Zhang County, Gansu CHN",311,Soricomorpha,Soricidae,Anourosorex_squamipes,Chinese mole shrew,14.5,1,I ,2,F,7,Nowak 1999:217,,,
34,430,"Zhang County, Gansu CHN",311,Rodentia,Dipodidae,Eozapus_setchuanus,Chinese jumping mouse,17.5,1,H,6,S,8,Nowak 1999: 1332,,,
34,431,"Zhang County, Gansu CHN",311,Rodentia,Cricetidae,Microtus_limnophilus,,100,2,H,6,T,4,"Based on Nowak 1999: 1470; Smith Xie 2010, 2013",,,
34,432,"Zhang County, Gansu CHN",311,Rodentia,Cricetidae,Cricetulus_longicaudatus,Long-tailed dwarf hamster,22.1,1,G,4,Sf,6,Nowak 1999: 1422,,,
34,433,"Zhang County, Gansu CHN",311,Rodentia,Cricetidae,Tscherskia_triton,Greater long-tailed hamster,166.5,3,G,4,F,7,Nowak 1999: 1422,(Smith et al 2010: 247),,
34,434,"Zhang County, Gansu CHN",311,Rodentia,Muridae,Apodemus_agrarius,striped field mouse,25.1,1,O,3,Sc,3,Nowak 1999: 1500,,,
34,435,"Zhang County, Gansu CHN",311,Rodentia,Muridae,Apodemus_draco,South China field mouse,32.5,2,O,3,Sc,3,Nowak 1999: 1500,,,
34,436,"Zhang County, Gansu CHN",311,Rodentia,Muridae,Apodemus_peninsulae,Korean field mouse,32.5,2,O,3,Sc,3,Nowak 1999: 1500,,,
34,437,"Zhang County, Gansu CHN",311,Rodentia,Muridae,Mus_musculus,House mouse,14.6,1,I,2,T,4,Nowak 1999: 1607,,,
34,438,"Zhang County, Gansu CHN",311,Rodentia,Muridae,Niviventer_confucianus,Chinese white-bellied rat,65,2,O,3,T,4,Nowak 1999: 1573,,,
34,439,"Zhang County, Gansu CHN",311,Rodentia,Muridae,Micromys_minutus,Eurasian harvest mouse,6,1,O,3,Sc,3,Nowak 1999: 1504,,,
34,440,"Zhang County, Gansu CHN",311,Rodentia,Muridae,Rattus_norvegicus,Brown rat,297.5,3,O,3,T,4,Verts and Carraway 1998: 290,,,
34,441,"Zhang County, Gansu CHN",311,Rodentia,Spalacidae,Eospalax_fontanierii,Chinese zokor,356,3,G,4,F,7,Nowak 1999: 1429,,,
34,442,"Zhang County, Gansu CHN",311,Lagmorpha,Ochotonidae,Ochotona_thibetana,Moupin pika,83.1,2,H,6,T,4,Nowak 1999: 1718,,,
35,443,"Yeketerinburg, RU",432,Soricomorpha,Soricidae,Sorex_araneus,northern short-tailed shrew,10.5,1,O,3,T,4,Nowak 1999: 206,,,
35,444,"Yeketerinburg, RU",432,Rodentia,Cricetidae,Microtus_arvalis,meadow vole,73.5,2,H,6,T,4,Nowak 1999:1473,,,
35,445,"Yeketerinburg, RU",432,Rodentia,Cricetidae,Microtus_oeconomus,root vole,80,2,H,6,T,4,Sf (Nowak 1999),,,
35,446,"Yeketerinburg, RU",432,Rodentia,Cricetidae,Microtus_agrestis,short-tailed vole,73.5,2,H,6,T,4,Nowak 1999:1473,,,
35,447,"Yeketerinburg, RU",432,Rodentia,Cricetidae,Myodes_glareolus,bank vole,27.5,1,O,3,T,4,Nowak 1999:1460,,,
35,448,"Yeketerinburg, RU",432,Rodentia,Cricetidae,Myodes_rutilus,ruddy vole,35,2,H,6,T,4,15-40 (Nowak 1999; whole genus),,,
35,449,"Yeketerinburg, RU",432,Rodentia,Dipodidae,Sicista_betulina,northern birch mouse ,27.5,2,O,3,T,4,Nowak 1999:1460,,,
35,450,"Yeketerinburg, RU",432,Rodentia,Muridae,Apodemus_agrarius,the field mouse ,25.1,1,O,3,Sc,3,Nowak 1999: 1500,,,
36,451,"Ambohitsitondroina, MDGSR",110,Rodentia,Nesomyidae,Eliurus_minor,lesser tufted-tailed rat,35.1,2,G,4,T,4,"Body size(Garbutt, 1999; Goodman and Benstead, 2003)",,,
36,452,"Ambohitsitondroina, MDGSR",110,Rodentia,Nesomyidae,Eliurus_tanala,tufted-tailed rat,69,2,G,4,A,2,Nowak 1999: 1435,,,
36,453,"Ambohitsitondroina, MDGSR",110,Rodentia,Nesomyidae,Eliurus_webbi,tufted-tailed rat,69,2,G,4,A,2,Nowak 1999: 1435,,,
36,454,"Ambohitsitondroina, MDGSR",110,Rodentia,Muridae,Nesomys_audeberti,Malagasy rats,215,3,G,4,T,4,Nowak 1999: 1434,,,
36,455,"Ambohitsitondroina, MDGSR",110,Afrosoricida,Tenrecidae,Microgale_cowani,Cowan's shrew tenrec,11.5,1,I,2,T,4,Nowak 1999: 190,,,
36,456,"Ambohitsitondroina, MDGSR",110,Afrosoricida,Tenrecidae,Microgale_parvula,dark shrew tenrec,47.8,2,I,2,Sc,3,Nowak 1999: 190,,,
36,457,"Ambohitsitondroina, MDGSR",110,Afrosoricida,Tenrecidae,Microgale_taiva, shrew tenrec,47.8,2,I,2,Sc,3,Nowak 1999: 190,,,
36,458,"Ambohitsitondroina, MDGSR",110,Afrosoricida,Tenrecidae,Microgale_talazaci,Talazac's shrew tenrec,50,2,I,2,Sc,3,Nowak 1999: 190,,,
36,459,"Ambohitsitondroina, MDGSR",110,Afrosoricida,Tenrecidae,Setifer_setosus,Madagascan hedgehog,225,3,O,3,T,4,Nowak 1999:195,,,
37,460,"Andranobe, MDGSR",110,Rodentia,Nesomyidae,Eliurus_webbi,tufted-tailed rat,69,2,G,4,A,2,Nowak 1999: 1435,,,
37,461,"Andranobe, MDGSR",110,Rodentia,Muridae,Nesomys_audeberti,Malagasy rats,215,3,G,4,T,4,Nowak 1999: 1434,,,
37,462,"Andranobe, MDGSR",110,Afrosoricida,Tenrecidae,Microgale_talazaci,Talazac's shrew tenrec,50,2,I,2,Sc,3,Nowak 1999: 190,,,
37,463,"Andranobe, MDGSR",110,Afrosoricida,Tenrecidae,Setifer_setosus,Madagascan hedgehog,225,3,O,3,T,4,Nowak 1999:195,,,
37,464,"Andranobe, MDGSR",110,Afrosoricida,Tenrecidae,Tenrec_ecaudatus,tailless tenrec,2000,4,O,3,T,4,Nowak 1999:193,,,
38,465,"Danum Valle, Sabah MYS",110,Rodentia,Muridae ,Chiropodomys_major,Large pencil-tailed tree mouse ,29,1,H,6,A,2,Nowak 1999: 1502,,,
38,466,"Danum Valle, Sabah MYS",110,Rodentia,Muridae ,Leopoldamys_sabanus,long-tailed giant rat,347.5,3,O,3,Sc,3,Nowak 1999: 1575,,,
38,467,"Danum Valle, Sabah MYS",110,Rodentia,Muridae ,Maxomys_baeodon,Small spiny rat ,164.5,3,O,3,T,4,Nowak 1999: 1574,,,
38,468,"Danum Valle, Sabah MYS",110,Rodentia,Muridae ,Maxomys_rajah,Brown spiny rat ,159.5,3,H,6,T,4,Nowak 1999: 1574,,,
38,469,"Danum Valle, Sabah MYS",110,Rodentia,Muridae ,Maxomys_surifer,red spiny rat,164.5,3,O,3,T,4,Nowak 1999: 1574,,,
38,471,"Danum Valle, Sabah MYS",110,Rodentia,Muridae ,Maxomys_whiteheadi,WhiteheadÍs rat,164.5,3,O,3,T,4,Nowak 1999: 1574,,,
38,472,"Danum Valle, Sabah MYS",110,Rodentia,Muridae ,Niviventer_cremoriventer,Dark-tailed tree rat ,91,2,O,3,Sc ,3,Wells  et al 2007,,,
38,473,"Danum Valle, Sabah MYS",110,Rodentia,Muridae ,Rattus_rattus,Roof rat ,142.5,3,O,3,Sc,3,Nowak 1999: 1519,,,
38,474,"Danum Valle, Sabah MYS",110,Sciuridae ,Muridae ,Sundamys_muelleri,MullerÍs rat ,424.5,3,O,3,T,4,Nowak 1999: 1506,,,
38,475,"Danum Valle, Sabah MYS",110,Sciuridae ,Muridae ,Sundasciurus_hippurus,Horse-tailed squirrel ,359,3,F,5,Sc,3,Nowak 1999: 1287,,,
38,476,"Danum Valle, Sabah MYS",110,Sciuridae ,Muridae ,Sundasciurus_lowii,LowÍs squirrel ,67,2,F,5,T,4,Nowak 1999: 1287,,,
38,477,"Danum Valle, Sabah MYS",110,Scandentia,Tupaiidae,Tupaia_gracilis,Slender treeshrew ,200,3,I,2,T,4,Nowak 1999: 245,,,
38,478,"Danum Valle, Sabah MYS",110,Scandentia,Tupaiidae,Tupaia_longipes,Plain treeshrew ,200,3,I,2,T,4,Nowak 1999: 245,,,
38,479,"Danum Valle, Sabah MYS",110,Scandentia,Tupaiidae,Tupaia_minor,Lesser treeshrew ,200,3,I,2,A,2,"Nowak 1999: 245; Sargis, 2001; Kirk et al., 2008",,,
38,480,"Danum Valle, Sabah MYS",110,Scandentia,Tupaiidae,Tupaia_tana,Large treeshrew ,200,3,I,2,T,4,Nowak 1999: 245,,,
38,481,"Danum Valle, Sabah MYS",110,Carnivora,Viverridae,Paradoxurus_hermaphroditus,Asian palm civet,3000,5,O,3,A,2,Average BS (ADW); Nowak 1999:758,,,
38,482,"Danum Valle, Sabah MYS",110,Carnivora,Viverridae,Viverra_tangalunga,Malayan civet,8000,5,O,3,T,4,Nowak1999: 570,,,
39,483,Tawau Hills NP Sabah MYS,110,Rodentia,Muridae ,Leopoldamys_sabanus,long-tailed giant rat,347.5,3,O,3,Sc,3,Nowak 1999: 1575,,,
39,484,Tawau Hills NP Sabah MYS,110,Rodentia,Muridae ,Maxomys_baeodon,Small spiny rat ,164.5,3,O,3,T,4,Nowak 1999: 1574,,,
39,485,Tawau Hills NP Sabah MYS,110,Rodentia,Muridae ,Maxomys_rajah,Brown spiny rat ,159.5,3,H,6,T,4,Nowak 1999: 1574,,,
39,486,Tawau Hills NP Sabah MYS,110,Rodentia,Muridae ,Maxomys_surifer,red spiny rat,164.5,3,O,3,T,4,Nowak 1999: 1574,,,
39,488,Tawau Hills NP Sabah MYS,110,Rodentia,Muridae ,Maxomys_whiteheadi,WhiteheadÍs rat,164.5,3,O,3,T,4,Nowak 1999: 1574,,,
39,489,Tawau Hills NP Sabah MYS,110,Rodentia,Muridae ,Niviventer_cremoriventer,Dark-tailed tree rat ,91,2,O,3,Sc ,3,Wells  et al 2007,,,
39,490,Tawau Hills NP Sabah MYS,110,Rodentia,Muridae ,Rattus_rattus,Roof rat ,142.5,3,O,3,Sc,3,Nowak 1999: 1519,,,
39,491,Tawau Hills NP Sabah MYS,110,Rodentia,Muridae ,Sundamys_muelleri,MullerÍs rat ,424.5,3,O,3,T,4,Nowak 1999: 1506,,,
39,492,Tawau Hills NP Sabah MYS,110,Rodentia,Sciuridae ,Lariscus_hosei,Malaysian ground squirrel,200,3,H,6,T,4,Average BS (ADW); Nowak 1999:1289,,,
39,493,Tawau Hills NP Sabah MYS,110,Rodentia,Sciuridae ,Callosciurus_prevostii,Prevost's squirrel,3,3,O,3,A,2,Nowak 1999: 1284,,,
39,494,Tawau Hills NP Sabah MYS,110,Rodentia,Sciuridae ,Sundasciurus_hippurus,Horse-tailed squirrel ,359,3,F,5,Sc,3,Nowak 1999: 1287,,,
39,495,Tawau Hills NP Sabah MYS,110,Rodentia,Sciuridae ,Sundasciurus_lowii,LowÍs squirrel ,67,2,F,5,T,4,Nowak 1999: 1287,,,
39,496,Tawau Hills NP Sabah MYS,110,Rodentia,Hystricidae,Trichys_fasciculata,long-tailed porcupine,2000,4,H,6,Sc,3,Nowak 1999:1644,,,
39,497,Tawau Hills NP Sabah MYS,110,Rodentia,Erinacaeidae,Echinosorex_gymnura,moonrat,1250,4,O,3,T,4,The reported diet is controversy; Nowak 1999: 173,,,
39,498,Tawau Hills NP Sabah MYS,110,Scandentia,Tupaiidae,Tupaia_gracilis,Slender treeshrew ,200,3,I,2,T,4,Nowak 1999: 245,,,
39,499,Tawau Hills NP Sabah MYS,110,Scandentia,Tupaiidae,Tupaia_longipes,Plain treeshrew ,200,3,I,2,T,4,Nowak 1999: 245,,,
39,500,Tawau Hills NP Sabah MYS,110,Scandentia,Tupaiidae,Tupaia_minor,Lesser treeshrew ,200,3,I,2,A,2,"Nowak 1999: 245; Sargis, 2001; Kirk et al., 2008",,,
39,501,Tawau Hills NP Sabah MYS,110,Scandentia,Tupaiidae,Tupaia_tana,Large treeshrew ,200,3,I,2,T,4,Nowak 1999: 245,,,
39,502,Tawau Hills NP Sabah MYS,110,Carnivora,Viverridae,Arctogalidia_trivirgata,small-toothed palm civet,1500,4,O,3,A,2,Nowak 1999:758,,,
39,503,Tawau Hills NP Sabah MYS,110,Carnivora,Viverridae,Paradoxurus_hermaphroditus,Asian palm civet,3000,5,O,3,A,2,Average BS (ADW); Nowak 1999:758,,,
40,504,Paluma Queensland AU,110,Rodentia,Muridae,Rattus_fuscipes,bush rat,125,2,O,3,T,4,See below; ,,,
40,505,Paluma Queensland AU,110,Rodentia,Muridae,Rattus_lutreolus,Swap Rat,116.5,2,O,3,T,4, (Taylor and Calaby 1988),,,
40,506,Paluma Queensland AU,110,Rodentia,Muridae,Melomys_cervinipes,Mosaic-tailed mouse,115,2,F,5,A,2,Nowak 1999: 1548,,,
40,507,Paluma Queensland AU,110,Rodentia,Muridae,Uromys_caudimaculatus,Giant naked-talied rat,735,4,G,4,A,2,Nowak 1999: 1546,,,
40,508,Paluma Queensland AU,110,Dasyuromorphia,Dasyuridae,Antechinus_flavipes,yellow-footed antechinus,57,2,C,1,Sc,3,Nowak 1999: 47,,,
40,509,Paluma Queensland AU,110,Dasyuromorphia,Dasyuridae,Antechinus_stuartii,brown antechinus,30.8,1,C,1,T,4,Nowak 1999: 48,,,
40,510,Paluma Queensland AU,110,Peramelemorphia,Peramelidae,Isoodon_macrourus,northern brown bandicoot,1800,4,I,2,T,4,Nowak 1999: 74,,,
41,511,"Coolibah Creek, Simpson desert AU",211,Rodentia,Muridae,Notomys_alexis,spinifex hopping mouse,35,2,H,6,Sa,8,Nowak 1999: 1563,,,
41,512,"Coolibah Creek, Simpson desert AU",211,Rodentia,Muridae,Pseudomys_hermannsburgensis,sandy inland mouse,51,2,O,3,Sf,6,Nowak 1999: 1558,,,
41,513,"Coolibah Creek, Simpson desert AU",211,Rodentia,Muridae,Pseudomys_desertor,brown desert mouse,51,2,O,3,Sf,6,Nowak 1999: 1558,,,
41,514,"Coolibah Creek, Simpson desert AU",211,Rodentia,Muridae,Rattus_villosissimus,long-haired rat,268,3,O,3,T,4,Nowak 1999: 1517,,,
41,515,"Coolibah Creek, Simpson desert AU",211,Rodentia,Muridae,Mus_musculus,house mouse,21,1,O,3,T,4,Nowak 1999: 1605,,,
41,516,"Coolibah Creek, Simpson desert AU",211,Dasyuromorphia,Dasyuridae,Sminthopsis_youngsoni,lesser hairy-footed dunnart,32,1,I,2,T,4,Nowak 1999: 52; Diet see below,,,
41,517,"Coolibah Creek, Simpson desert AU",211,Dasyuromorphia,Dasyuridae,Sminthopsis_hirtipes,hairy-footed dunnart,32,1,I,2,T,4,Nowak 1999: 52,,,
41,518,"Coolibah Creek, Simpson desert AU",211,Dasyuromorphia,Dasyuridae,Dasycercus_cristicauda,mulgara,115,2,C,1,Sc,3,Nowak 1999:60,,,
41,519,"Coolibah Creek, Simpson desert AU",211,Dasyuromorphia,Dasyuridae,Ningaui_ridei,Wongai ningaui,7.5,1,I,2,Sc,3,Nowak 1999:50,,,
41,520,"Coolibah Creek, Simpson desert AU",211,Dasyuromorphia,Dasyuridae,Planigale_tenuirostris,narrow-nosed planigale,~5,1,C,1,T,4,Nowak 1999: 49,,,
42,521,"Kunnamuka Swamp, Simpson desert AU",211,Rodentia,Muridae,Notomys_alexis,spinifex hopping mouse,35,2,H,6,Sa,8,Nowak 1999: 1563,,,
42,522,"Kunnamuka Swamp, Simpson desert AU",211,Rodentia,Muridae,Pseudomys_hermannsburgensis,sandy inland mouse,51,2,O,3,Sf,6,Nowak 1999: 1558,,,
42,523,"Kunnamuka Swamp, Simpson desert AU",211,Rodentia,Muridae,Pseudomys_desertor,brown desert mouse,51,2,O,3,Sf,6,Nowak 1999: 1558,,,
42,524,"Kunnamuka Swamp, Simpson desert AU",211,Rodentia,Muridae,Rattus_villosissimus,long-haired rat,268,3,O,3,T,4,Nowak 1999: 1517,,,
42,525,"Kunnamuka Swamp, Simpson desert AU",211,Rodentia,Muridae,Mus_musculus,house mouse,21,1,O,3,T,4,Nowak 1999: 1605,,,
42,526,"Kunnamuka Swamp, Simpson desert AU",211,Dasyuromorphia,Dasyuridae,Sminthopsis_youngsoni,lesser hairy-footed dunnart,32,1,I,2,T,4,Nowak 1999: 52; Diet see below,,,
42,527,"Kunnamuka Swamp, Simpson desert AU",211,Dasyuromorphia,Dasyuridae,Sminthopsis_hirtipes,hairy-footed dunnart,32,1,I,2,T,4,Nowak 1999: 52,,,
42,528,"Kunnamuka Swamp, Simpson desert AU",211,Dasyuromorphia,Dasyuridae,Dasycercus_cristicauda,mulgara,115,2,C,1,Sc,3,Nowak 1999:60,,,
42,529,"Kunnamuka Swamp, Simpson desert AU",211,Dasyuromorphia,Dasyuridae,Ningaui_ridei,Wongai ningaui,7.5,1,I,2,Sc,3,Nowak 1999:50,,,
42,530,"Kunnamuka Swamp, Simpson desert AU",211,Dasyuromorphia,Dasyuridae,Planigale_tenuirostris,narrow-nosed planigale,5,1,C,1,T,4,Nowak 1999: 49,,,
43,531,"Field River, Simpson desert AU",211,Rodentia,Muridae,Notomys_alexis,spinifex hopping mouse,35,2,H,6,Sa,8,Nowak 1999: 1563,,,
43,532,"Field River, Simpson desert AU",211,Rodentia,Muridae,Pseudomys_hermannsburgensis,sandy inland mouse,51,2,O,3,Sf,6,Nowak 1999: 1558,,,
43,533,"Field River, Simpson desert AU",211,Rodentia,Muridae,Pseudomys_desertor,brown desert mouse,51,2,O,3,Sf,6,Nowak 1999: 1558,,,
43,534,"Field River, Simpson desert AU",211,Rodentia,Muridae,Rattus_villosissimus,long-haired rat,268,3,O,3,T,4,Nowak 1999: 1517,,,
43,535,"Field River, Simpson desert AU",211,Rodentia,Muridae,Mus_musculus,house mouse,21,1,O,3,T,4,Nowak 1999: 1605,,,
43,536,"Field River, Simpson desert AU",211,Dasyuromorphia,Dasyuridae,Sminthopsis_youngsoni,lesser hairy-footed dunnart,32,1,I,2,T,4,Nowak 1999: 52; Diet see below,,,
43,537,"Field River, Simpson desert AU",211,Dasyuromorphia,Dasyuridae,Sminthopsis_hirtipes,hairy-footed dunnart,32,1,I,2,T,4,Nowak 1999: 52,,,
43,538,"Field River, Simpson desert AU",211,Dasyuromorphia,Dasyuridae,Dasycercus_cristicauda,mulgara,115,2,C,1,Sc,3,Nowak 1999:60,,,
43,539,"Field River, Simpson desert AU",211,Dasyuromorphia,Dasyuridae,Ningaui_ridei,Wongai ningaui,7.5,1,I,2,Sc,3,Nowak 1999:50,,,
43,540,"Field River, Simpson desert AU",211,Dasyuromorphia,Dasyuridae,Planigale_tenuirostris,narrow-nosed planigale,5,1,C,1,T,4,Nowak 1999: 49,,,
44,541,Strezelecki Desert AU,211,Carnivora,Canidae,Vulpes_vulpes,red fox,4600,5,C,1,T,4,Locomotion: Nowak 1999:636,,,
44,542,Strezelecki Desert AU,211,Carnivora,Felidae,Felis_catus,feral cat,3500,5,C,1,Sc,3,Locomotion: Nowak 1999:796,,,
44,543,Strezelecki Desert AU,211,Lagomorpha,Leporidae,Oryctolagus_cuniculus,rabbit,1058,4,H,6,Sa,8,Locomotion: Nowak 1999:1720,,,
44,544,Strezelecki Desert AU,211,Rodentia,Muridae,Notomys_fuscus,dusky hopping mouse,35,2,O,3,Sa,8,Locomotion: Nowak 1999: 1563,,,
44,545,Strezelecki Desert AU,211,Dasyuromorphia,Dasyuridae,Sminthopsis_aitkeni,dunnart,15,1,I,2,T,4,Locomotion: Nowak 1999: 52,,,
45,546,Kakadu NP AU,130,Monotremata,Tachyglossidae,Tachyglossus_aculeatus,Short-beaked echidna ,3750,5,I,2,F,7,Nowak 1999: 10,,,
45,547,Kakadu NP AU,130,Dasyuromorphia,Dasyuridae,Antechinus_bellus,Fawn antechinus ,57,2,C,1,T,4,Nowak 1999: 47,,,
45,548,Kakadu NP AU,130,Dasyuromorphia,Dasyuridae,Dasyurus_hallucatus,Northern quoll ,600,4,C,1,Sc,3,Nowak 1999: 61; BS (ADW),,,
45,549,Kakadu NP AU,130,Dasyuromorphia,Dasyuridae,Phascogale_tapoatafa,Northern brush-tailed phascogale,172.5,3,C,1,A,2,Nowak 1999: 45,,,
45,550,Kakadu NP AU,130,Dasyuromorphia,Dasyuridae,Planigale_maculata,Common planigale ,13.1,1,C,1,T,4,Nowak 1999: 49,,,
45,551,Kakadu NP AU,130,Dasyuromorphia,Dasyuridae,Pseudantechinus_bilarni,Sandstone antechinus ,28,1,I,2,T,4,Paraantechinus bilarni; Nowak 1999: 55,,,
45,552,Kakadu NP AU,130,Dasyuromorphia,Dasyuridae,Sminthopsis_bindi,Kakadu dunnart ,32,1,I,2,T,4,Nowak 1999: 52; Diet see below,,,
45,553,Kakadu NP AU,130,Dasyuromorphia,Dasyuridae,Sminthopsis_virginiae,Red-cheeked dunnart ,32,1,I,2,T,4,Nowak 1999: 52,,,
45,554,Kakadu NP AU,130,Peramelemorphia,Peramelidae,Isoodon_macrourus,Northern brown bandicoot,1800,4,I,2,T,4,Nowak 1999: 74,,,
45,555,Kakadu NP AU,130,Diprotodontia,Phalangeridae,Trichosurus_vulpecula, Common brushtail possum,2395,5,O,3,A,2,Nowak 1999: 92,,,
45,556,Kakadu NP AU,130,Rodentia,Muridae,Conilurus_penicillatus,Brush-tailed rabbit-rat ,172,3,O,3,Sc,3,Nowak 1999: 1554; BS (http://www.environment.gov.au/cgi-bin/sprat/public/publicspecies.pl?taxon_id=132),,,
45,557,Kakadu NP AU,130,Diprotodontia,Petauridae,Petaurus_breviceps,Sugar glider,119.5,2,O,3,G,1,Nowak 1999: 139,,,
45,558,Kakadu NP AU,130,Diprotodontia,Pseudocheiridae,Petropseudes_dahli,Rock ringtail possum ,1140,4,H,6,Sc,3,Nowak 1999: 135,,,
45,559,Kakadu NP AU,130,Rodentia,Muridae,Hydromys_chrysogaster,Water rat,800,4,C,1,Sq,5,Nowak 1999:1611,,,
45,560,Kakadu NP AU,130,Rodentia,Muridae,Leggadina_lakedownensis,Tropical short-tailed mouse,17.5,1,G,4,T,4,Nowak 1999:1563,,,
45,561,Kakadu NP AU,130,Rodentia,Muridae,Melomys_burtoni,Grassland mosaic-tailed rat,115,2,F,5,Sc,3,Nowak 1999: 1548,,,
45,562,Kakadu NP AU,130,Rodentia,Muridae,Mesembriomys_gouldii,Black-footed tree-rat ,650,4,G,4,A,2,Nowak 1999: 1554,,,
45,563,Kakadu NP AU,130,Rodentia,Muridae,Pseudomys_calabyi,Kakadu pebble-mound mouse,51,2,O,3,Sf,6,Nowak 1999: 1558,,,
45,564,Kakadu NP AU,130,Rodentia,Muridae,Pseudomys_delicatulus,Delicate mouse,51,2,O,3,Sf,6,Nowak 1999: 1558,,,
45,565,Kakadu NP AU,130,Rodentia,Muridae,Pseudomys_nanus,Western chestnut mouse ,51,2,O,3,Sf,6,Nowak 1999: 1558,,,
45,566,Kakadu NP AU,130,Rodentia,Muridae,Rattus_colletti,Dusky rat,268.5,3,O,3,T,4,Nowak 1999: 1517,,,
45,567,Kakadu NP AU,130,Rodentia,Muridae,Rattus_rattus,Black rat,142.5,3,O,3,Sc,3,Nowak 1999: 1519,,,
45,568,Kakadu NP AU,130,Rodentia,Muridae,Rattus_tunneyi,Pale field-rat,268.5,3,O,3,T,4,Nowak 1999: 1517,,,
45,569,Kakadu NP AU,130,Rodentia,Muridae,Zyzomys_argurus,Common rock-rat ,50,2,H,6,T,4,Nowak 1999: 1558,,,
45,570,Kakadu NP AU,130,Rodentia,Muridae,Zyzomys_maini,Arnhem rock-rat ,82.5,2,H,6,T,4,Nowak 1999: 1558,,,